Id,Token
0,PAD
1,A
2,C
3,D
4,E
5,F
6,G
7,H
8,I
9,K
10,L
11,M
12,N
13,P
14,Q
15,R
16,S
17,T
18,V
19,W
20,Y
21,U
22,X
23,4-ONE+Delta:H(-2)O(-1) on C
24,4-ONE+Delta:H(-2)O(-1) on H
25,4-ONE+Delta:H(-2)O(-1) on K
26,6C-CysPAT on C
27,6C-CysPAT on D
28,6C-CysPAT on E
29,6C-CysPAT on H
30,6C-CysPAT on K
31,6C-CysPAT on S
32,6C-CysPAT on T
33,6C-CysPAT on X
34,6C-CysPAT on Y
35,AccQTag on K
36,AccQTag on X
37,Acetyl on C
38,Acetyl on H
39,Acetyl on K
40,Acetyl on R
41,Acetyl on S
42,Acetyl on T
43,Acetyl on X
44,Acetyl on Y
45,Acetyl:13C(2) on K
46,Acetyl:13C(2) on X
47,Acetyl:2H(3) on H
48,Acetyl:2H(3) on K
49,Acetyl:2H(3) on S
50,Acetyl:2H(3) on T
51,Acetyl:2H(3) on X
52,Acetyl:2H(3) on Y
53,Acetyldeoxyhypusine on K
54,Acetylhypusine on K
55,ADP-Ribosyl on C
56,ADP-Ribosyl on D
57,ADP-Ribosyl on E
58,ADP-Ribosyl on K
59,ADP-Ribosyl on N
60,ADP-Ribosyl on R
61,ADP-Ribosyl on S
62,ADP-Ribosyl on T
63,AEBS on H
64,AEBS on K
65,AEBS on S
66,AEBS on X
67,AEBS on Y
68,AEC-MAEC on S
69,AEC-MAEC on T
70,AEC-MAEC:2H(4) on S
71,AEC-MAEC:2H(4) on T
72,AFB1_Dialdehyde on K
73,AHA-Alkyne on M
74,AHA-Alkyne-KDDDD on M
75,AHA-SS on M
76,AHA-SS_CAM on M
77,Ahx2+Hsl on X
78,Ala->Arg on A
79,Ala->Asn on A
80,Ala->Asp on A
81,Ala->Cys on A
82,Ala->Gln on A
83,Ala->Glu on A
84,Ala->Gly on A
85,Ala->His on A
86,Ala->Lys on A
87,Ala->Met on A
88,Ala->Phe on A
89,Ala->Pro on A
90,Ala->Ser on A
91,Ala->Thr on A
92,Ala->Trp on A
93,Ala->Tyr on A
94,Ala->Val on A
95,Ala->Xle on A
96,Amidated on X
97,Amidine on K
98,Amidine on X
99,Amidino on C
100,Amino on Y
101,Ammonia-loss on C
102,Ammonia-loss on N
103,Ammonia-loss on S
104,Ammonia-loss on T
105,Ammonium on D
106,Ammonium on E
107,Ammonium on X
108,AMTzHexNAc2 on N
109,AMTzHexNAc2 on S
110,AMTzHexNAc2 on T
111,Andro-H2O on C
112,Archaeol on C
113,Arg on X
114,Arg->Ala on R
115,Arg->Asn on R
116,Arg->Asp on R
117,Arg->Cys on R
118,Arg->Gln on R
119,Arg->Glu on R
120,Arg->GluSA on R
121,Arg->Gly on R
122,Arg->His on R
123,Arg->Lys on R
124,Arg->Met on R
125,Arg->Npo on R
126,Arg->Orn on R
127,Arg->Phe on R
128,Arg->Pro on R
129,Arg->Ser on R
130,Arg->Thr on R
131,Arg->Trp on R
132,Arg->Tyr on R
133,Arg->Val on R
134,Arg->Xle on R
135,Arg2PG on R
136,Argbiotinhydrazide on R
137,Arg-loss on R
138,AROD on C
139,Asn->Ala on N
140,Asn->Arg on N
141,Asn->Asp on N
142,Asn->Cys on N
143,Asn->Gln on N
144,Asn->Glu on N
145,Asn->Gly on N
146,Asn->His on N
147,Asn->Lys on N
148,Asn->Met on N
149,Asn->Phe on N
150,Asn->Pro on N
151,Asn->Ser on N
152,Asn->Thr on N
153,Asn->Trp on N
154,Asn->Tyr on N
155,Asn->Val on N
156,Asn->Xle on N
157,Asp->Ala on D
158,Asp->Arg on D
159,Asp->Asn on D
160,Asp->Cys on D
161,Asp->Gln on D
162,Asp->Glu on D
163,Asp->Gly on D
164,Asp->His on D
165,Asp->Lys on D
166,Asp->Met on D
167,Asp->Phe on D
168,Asp->Pro on D
169,Asp->Ser on D
170,Asp->Thr on D
171,Asp->Trp on D
172,Asp->Tyr on D
173,Asp->Val on D
174,Asp->Xle on D
175,Aspartylurea on H
176,Atto495Maleimide on C
177,a-type-ion on X
178,AzidoF on F
179,azole on C
180,azole on S
181,Bacillosamine on N
182,BADGE on C
183,BDMAPP on H
184,BDMAPP on K
185,BDMAPP on W
186,BDMAPP on X
187,BDMAPP on Y
188,BEMAD_C on C
189,BEMAD_C:2H(6) on C
190,BEMAD_ST on S
191,BEMAD_ST on T
192,BEMAD_ST:2H(6) on S
193,BEMAD_ST:2H(6) on T
194,Benzoyl on K
195,Benzoyl on X
196,benzylguanidine on K
197,betaFNA on C
198,betaFNA on K
199,BHT on C
200,BHT on H
201,BHT on K
202,BHTOH on C
203,BHTOH on H
204,BHTOH on K
205,Biotin on K
206,Biotin on X
207,Biotin:Aha-DADPS on M
208,Biotin:Aha-PC on M
209,Biotin:Cayman-10013 on C
210,Biotin:Cayman-10141 on C
211,Biotin:Invitrogen-M1602 on C
212,Biotin:Sigma-B1267 on C
213,Biotin:Thermo-21325 on K
214,Biotin:Thermo-21328 on K
215,Biotin:Thermo-21328 on X
216,Biotin:Thermo-21330 on K
217,Biotin:Thermo-21330 on X
218,Biotin:Thermo-21345 on Q
219,Biotin:Thermo-21360 on X
220,Biotin:Thermo-21901+2H2O on C
221,Biotin:Thermo-21901+H2O on C
222,Biotin:Thermo-21911 on C
223,Biotin:Thermo-33033 on X
224,Biotin:Thermo-33033-H on X
225,Biotin:Thermo-88310 on K
226,Biotin:Thermo-88317 on S
227,Biotin:Thermo-88317 on Y
228,biotinAcrolein298 on C
229,biotinAcrolein298 on H
230,biotinAcrolein298 on K
231,biotinAcrolein298 on X
232,Biotin-HPDP on C
233,Biotin-PEG-PRA on M
234,Biotin-PEO-Amine on D
235,Biotin-PEO-Amine on E
236,Biotin-PEO-Amine on X
237,Biotin-phenacyl on C
238,Biotin-phenacyl on H
239,Biotin-phenacyl on S
240,Biotin-tyramide on C
241,Biotin-tyramide on W
242,Biotin-tyramide on Y
243,BisANS on K
244,bisANS-sulfonates on K
245,bisANS-sulfonates on S
246,bisANS-sulfonates on T
247,BITC on C
248,BITC on K
249,BITC on X
250,BMP-piperidinol on C
251,BMP-piperidinol on M
252,Brij35 on X
253,Brij58 on X
254,Bromo on F
255,Bromo on H
256,Bromo on W
257,Bromo on Y
258,Bromobimane on C
259,Butyryl on K
260,C8-QAT on K
261,C8-QAT on X
262,CAF on X
263,CAMthiopropanoyl on K
264,CAMthiopropanoyl on X
265,Can-FP-biotin on S
266,Can-FP-biotin on T
267,Can-FP-biotin on Y
268,Carbamidomethyl on C
269,Carbamidomethyl on D
270,Carbamidomethyl on E
271,Carbamidomethyl on H
272,Carbamidomethyl on K
273,Carbamidomethyl on M
274,Carbamidomethyl on S
275,Carbamidomethyl on T
276,Carbamidomethyl on U
277,Carbamidomethyl on X
278,Carbamidomethyl on Y
279,CarbamidomethylDTT on C
280,Carbamyl on C
281,Carbamyl on K
282,Carbamyl on M
283,Carbamyl on R
284,Carbamyl on S
285,Carbamyl on T
286,Carbamyl on X
287,Carbamyl on Y
288,Carbofuran on S
289,Carbonyl on A
290,Carbonyl on E
291,Carbonyl on I
292,Carbonyl on L
293,Carbonyl on Q
294,Carbonyl on R
295,Carbonyl on S
296,Carbonyl on V
297,Carboxy on D
298,Carboxy on E
299,Carboxy on K
300,Carboxy on M
301,Carboxy on W
302,Carboxy->Thiocarboxy on G
303,Carboxyethyl on H
304,Carboxyethyl on K
305,Carboxyethylpyrrole on K
306,Carboxymethyl on C
307,Carboxymethyl on K
308,Carboxymethyl on U
309,Carboxymethyl on W
310,Carboxymethyl on X
311,Carboxymethyl:13C(2) on C
312,CarboxymethylDMAP on X
313,CarboxymethylDTT on C
314,Cation:Ag on D
315,Cation:Ag on E
316,Cation:Ag on X
317,Cation:Al[III] on D
318,Cation:Al[III] on E
319,Cation:Al[III] on X
320,Cation:Ca[II] on D
321,Cation:Ca[II] on E
322,Cation:Ca[II] on X
323,Cation:Cu[I] on D
324,Cation:Cu[I] on E
325,Cation:Cu[I] on H
326,Cation:Cu[I] on X
327,Cation:Fe[II] on D
328,Cation:Fe[II] on E
329,Cation:Fe[II] on X
330,Cation:Fe[III] on D
331,Cation:Fe[III] on E
332,Cation:Fe[III] on X
333,Cation:K on D
334,Cation:K on E
335,Cation:K on X
336,Cation:Li on D
337,Cation:Li on E
338,Cation:Li on X
339,Cation:Mg[II] on D
340,Cation:Mg[II] on E
341,Cation:Mg[II] on X
342,Cation:Na on D
343,Cation:Na on E
344,Cation:Na on X
345,Cation:Ni[II] on D
346,Cation:Ni[II] on E
347,Cation:Ni[II] on X
348,Cation:Zn[II] on D
349,Cation:Zn[II] on E
350,Cation:Zn[II] on H
351,Cation:Zn[II] on X
352,cGMP on C
353,cGMP on S
354,cGMP+RMP-loss on C
355,cGMP+RMP-loss on S
356,CHDH on D
357,Chlorination on W
358,Chlorination on Y
359,Cholesterol on X
360,CIGG on K
361,CLIP_TRAQ_2 on K
362,CLIP_TRAQ_2 on X
363,CLIP_TRAQ_2 on Y
364,CLIP_TRAQ_3 on K
365,CLIP_TRAQ_3 on X
366,CLIP_TRAQ_3 on Y
367,CLIP_TRAQ_4 on K
368,CLIP_TRAQ_4 on X
369,CLIP_TRAQ_4 on Y
370,CoenzymeA on C
371,Cresylphosphate on H
372,Cresylphosphate on K
373,Cresylphosphate on R
374,Cresylphosphate on S
375,Cresylphosphate on T
376,Cresylphosphate on Y
377,CresylSaligeninPhosphate on H
378,CresylSaligeninPhosphate on K
379,CresylSaligeninPhosphate on R
380,CresylSaligeninPhosphate on S
381,CresylSaligeninPhosphate on T
382,CresylSaligeninPhosphate on Y
383,Crotonaldehyde on C
384,Crotonaldehyde on H
385,Crotonaldehyde on K
386,Crotonyl on K
387,CuSMo on C
388,Cy3b-maleimide on C
389,Cy3-maleimide on C
390,Cyano on C
391,CyDye-Cy3 on C
392,CyDye-Cy5 on C
393,Cys->Ala on C
394,Cys->Arg on C
395,Cys->Asn on C
396,Cys->Asp on C
397,Cys->CamSec on C
398,Cys->Dha on C
399,Cys->ethylaminoAla on C
400,Cys->Gln on C
401,Cys->Glu on C
402,Cys->Gly on C
403,Cys->His on C
404,Cys->Lys on C
405,Cys->Met on C
406,Cys->methylaminoAla on C
407,Cys->Oxoalanine on C
408,Cys->Phe on C
409,Cys->Pro on C
410,Cys->PyruvicAcid on C
411,Cys->SecNEM on C
412,Cys->SecNEM:2H(5) on C
413,Cys->Ser on C
414,Cys->Thr on C
415,Cys->Trp on C
416,Cys->Tyr on C
417,Cys->Val on C
418,Cys->Xle on C
419,Cysteinyl on C
420,cysTMT on C
421,cysTMT6plex on C
422,Cytopiloyne on C
423,Cytopiloyne on K
424,Cytopiloyne on P
425,Cytopiloyne on R
426,Cytopiloyne on S
427,Cytopiloyne on X
428,Cytopiloyne on Y
429,Cytopiloyne+water on C
430,Cytopiloyne+water on K
431,Cytopiloyne+water on R
432,Cytopiloyne+water on S
433,Cytopiloyne+water on T
434,Cytopiloyne+water on X
435,Cytopiloyne+water on Y
436,DABCYL-C2-maleimide on C
437,DABCYL-C2-maleimide on K
438,DAET on S
439,DAET on T
440,Dansyl on K
441,Dansyl on X
442,Dap-DSP on A
443,Dap-DSP on E
444,Dap-DSP on K
445,DBIA on C
446,DCP on C
447,Deamidated on F
448,Deamidated on N
449,Deamidated on Q
450,Deamidated on R
451,Deamidated:18O(1) on N
452,Deamidated:18O(1) on Q
453,Decanoyl on S
454,Decanoyl on T
455,Decarboxylation on D
456,Decarboxylation on E
457,DEDGFLYMVYASQETFG on K
458,Dehydrated on C
459,Dehydrated on D
460,Dehydrated on N
461,Dehydrated on Q
462,Dehydrated on S
463,Dehydrated on T
464,Dehydrated on Y
465,Dehydro on C
466,Delta:H(-1)N(-1)18O(1) on N
467,Delta:H(10)C(8)O(1) on K
468,Delta:H(2)C(2) on H
469,Delta:H(2)C(2) on K
470,Delta:H(2)C(2) on X
471,Delta:H(2)C(3) on K
472,Delta:H(2)C(3)O(1) on K
473,Delta:H(2)C(3)O(1) on R
474,Delta:H(2)C(5) on K
475,Delta:H(4)C(2) on H
476,Delta:H(4)C(2) on K
477,Delta:H(4)C(2) on X
478,Delta:H(4)C(2)O(-1)S(1) on S
479,Delta:H(4)C(3) on H
480,Delta:H(4)C(3) on K
481,Delta:H(4)C(3) on X
482,Delta:H(4)C(3)O(1) on C
483,Delta:H(4)C(3)O(1) on H
484,Delta:H(4)C(3)O(1) on K
485,Delta:H(4)C(3)O(1) on R
486,Delta:H(4)C(3)O(2) on K
487,Delta:H(4)C(5)O(1) on R
488,Delta:H(4)C(6) on K
489,Delta:H(-4)O(2) on W
490,Delta:H(-4)O(3) on W
491,Delta:H(5)C(2) on P
492,Delta:H(6)C(3)O(1) on C
493,Delta:H(6)C(3)O(1) on H
494,Delta:H(6)C(3)O(1) on K
495,Delta:H(6)C(3)O(1) on X
496,Delta:H(6)C(6)O(1) on K
497,Delta:H(6)C(7)O(4) on R
498,Delta:H(8)C(6)O(1) on K
499,Delta:H(8)C(6)O(1) on X
500,Delta:H(8)C(6)O(2) on K
501,Delta:Hg(1) on C
502,Delta:O(4) on W
503,Delta:S(-1)Se(1) on C
504,Delta:S(-1)Se(1) on M
505,Delta:Se(1) on C
506,Deoxy on D
507,Deoxy on S
508,Deoxy on T
509,Deoxyhypusine on K
510,Deoxyhypusine on Q
511,DeStreak on C
512,Dethiomethyl on M
513,dHex on N
514,dHex on S
515,dHex on T
516,dHex(1)Hex(1) on S
517,dHex(1)Hex(1) on T
518,dHex(1)Hex(1)HexA(1)HexNAc(3) on S
519,dHex(1)Hex(1)HexA(1)HexNAc(3) on T
520,dHex(1)Hex(1)HexNAc(1)Kdn(1) on S
521,dHex(1)Hex(1)HexNAc(1)Kdn(1) on T
522,dHex(1)Hex(1)HexNAc(1)NeuAc(1) on S
523,dHex(1)Hex(1)HexNAc(1)NeuAc(1) on T
524,dHex(1)Hex(1)HexNAc(1)NeuGc(1) on S
525,dHex(1)Hex(1)HexNAc(1)NeuGc(1) on T
526,dHex(1)Hex(1)HexNAc(2)Kdn(1) on S
527,dHex(1)Hex(1)HexNAc(2)Kdn(1) on T
528,dHex(1)Hex(1)HexNAc(2)NeuAc(1) on S
529,dHex(1)Hex(1)HexNAc(2)NeuAc(1) on T
530,dHex(1)Hex(1)HexNAc(2)NeuAc(1)Sulf(1) on S
531,dHex(1)Hex(1)HexNAc(2)NeuAc(1)Sulf(1) on T
532,dHex(1)Hex(1)HexNAc(2)NeuAc(2) on S
533,dHex(1)Hex(1)HexNAc(2)NeuAc(2) on T
534,dHex(1)Hex(1)HexNAc(2)Sulf(1) on S
535,dHex(1)Hex(1)HexNAc(2)Sulf(1) on T
536,dHex(1)Hex(1)HexNAc(3) on S
537,dHex(1)Hex(1)HexNAc(3) on T
538,dHex(1)Hex(1)HexNAc(3)NeuAc(1) on S
539,dHex(1)Hex(1)HexNAc(3)NeuAc(1) on T
540,dHex(1)Hex(1)HexNAc(3)NeuAc(1)Sulf(1) on S
541,dHex(1)Hex(1)HexNAc(3)NeuAc(1)Sulf(1) on T
542,dHex(1)Hex(1)HexNAc(3)NeuGc(1) on S
543,dHex(1)Hex(1)HexNAc(3)NeuGc(1) on T
544,dHex(1)Hex(1)HexNAc(3)Sulf(1) on S
545,dHex(1)Hex(1)HexNAc(3)Sulf(1) on T
546,dHex(1)Hex(1)HexNAc(4) on S
547,dHex(1)Hex(1)HexNAc(4) on T
548,dHex(1)Hex(2) on S
549,dHex(1)Hex(2) on T
550,dHex(1)Hex(2)HexA(1) on S
551,dHex(1)Hex(2)HexA(1) on T
552,dHex(1)Hex(2)HexA(1)HexNAc(1) on S
553,dHex(1)Hex(2)HexA(1)HexNAc(1) on T
554,dHex(1)Hex(2)HexA(1)HexNAc(1)Sulf(1) on S
555,dHex(1)Hex(2)HexA(1)HexNAc(1)Sulf(1) on T
556,dHex(1)Hex(2)HexA(1)HexNAc(2) on S
557,dHex(1)Hex(2)HexA(1)HexNAc(2) on T
558,dHex(1)Hex(2)HexNAc(1) on S
559,dHex(1)Hex(2)HexNAc(1) on T
560,dHex(1)Hex(2)HexNAc(1)NeuAc(2) on S
561,dHex(1)Hex(2)HexNAc(1)NeuAc(2) on T
562,dHex(1)Hex(2)HexNAc(1)Sulf(1) on S
563,dHex(1)Hex(2)HexNAc(1)Sulf(1) on T
564,dHex(1)Hex(2)HexNAc(2)NeuAc(1)Sulf(1) on S
565,dHex(1)Hex(2)HexNAc(2)NeuAc(1)Sulf(1) on T
566,dHex(1)Hex(2)HexNAc(2)NeuAc(2) on S
567,dHex(1)Hex(2)HexNAc(2)NeuAc(2) on T
568,dHex(1)Hex(2)HexNAc(2)NeuAc(2)Sulf(1) on S
569,dHex(1)Hex(2)HexNAc(2)NeuAc(2)Sulf(1) on T
570,dHex(1)Hex(2)HexNAc(2)NeuGc(1) on N
571,dHex(1)Hex(2)HexNAc(2)NeuGc(1) on S
572,dHex(1)Hex(2)HexNAc(2)NeuGc(1) on T
573,dHex(1)Hex(2)HexNAc(2)NeuGc(2) on S
574,dHex(1)Hex(2)HexNAc(2)NeuGc(2) on T
575,dHex(1)Hex(2)HexNAc(2)NeuGc(3) on S
576,dHex(1)Hex(2)HexNAc(2)NeuGc(3) on T
577,dHex(1)Hex(2)HexNAc(2)Pent(1) on N
578,dHex(1)Hex(2)HexNAc(2)Sulf(1) on S
579,dHex(1)Hex(2)HexNAc(2)Sulf(1) on T
580,dHex(1)Hex(2)HexNAc(3) on N
581,dHex(1)Hex(2)HexNAc(3) on S
582,dHex(1)Hex(2)HexNAc(3) on T
583,dHex(1)Hex(2)HexNAc(3)NeuAc(1) on S
584,dHex(1)Hex(2)HexNAc(3)NeuAc(1) on T
585,dHex(1)Hex(2)HexNAc(3)NeuAc(1)Sulf(1) on S
586,dHex(1)Hex(2)HexNAc(3)NeuAc(1)Sulf(1) on T
587,dHex(1)Hex(2)HexNAc(3)Sulf(1) on S
588,dHex(1)Hex(2)HexNAc(3)Sulf(1) on T
589,dHex(1)Hex(2)HexNAc(4) on N
590,dHex(1)Hex(2)HexNAc(4) on S
591,dHex(1)Hex(2)HexNAc(4) on T
592,dHex(1)Hex(2)HexNAc(4)NeuAc(1) on S
593,dHex(1)Hex(2)HexNAc(4)NeuAc(1) on T
594,dHex(1)Hex(2)HexNAc(4)NeuAc(2) on S
595,dHex(1)Hex(2)HexNAc(4)NeuAc(2) on T
596,dHex(1)Hex(2)HexNAc(4)Sulf(2) on S
597,dHex(1)Hex(2)HexNAc(4)Sulf(2) on T
598,dHex(1)Hex(3) on S
599,dHex(1)Hex(3) on T
600,dHex(1)Hex(3)HexA(1)HexNAc(1) on S
601,dHex(1)Hex(3)HexA(1)HexNAc(1) on T
602,dHex(1)Hex(3)HexA(1)HexNAc(1)Sulf(1) on S
603,dHex(1)Hex(3)HexA(1)HexNAc(1)Sulf(1) on T
604,dHex(1)Hex(3)HexA(1)HexNAc(2) on S
605,dHex(1)Hex(3)HexA(1)HexNAc(2) on T
606,dHex(1)Hex(3)HexA(1)HexNAc(2)Sulf(1) on S
607,dHex(1)Hex(3)HexA(1)HexNAc(2)Sulf(1) on T
608,dHex(1)Hex(3)HexA(1)HexNAc(3)Sulf(1) on S
609,dHex(1)Hex(3)HexA(1)HexNAc(3)Sulf(1) on T
610,dHex(1)Hex(3)HexA(2)HexNAc(2) on S
611,dHex(1)Hex(3)HexA(2)HexNAc(2) on T
612,dHex(1)Hex(3)HexNAc(1) on S
613,dHex(1)Hex(3)HexNAc(1) on T
614,dHex(1)Hex(3)HexNAc(1)Sulf(1) on S
615,dHex(1)Hex(3)HexNAc(1)Sulf(1) on T
616,dHex(1)Hex(3)HexNAc(2) on N
617,dHex(1)Hex(3)HexNAc(2) on S
618,dHex(1)Hex(3)HexNAc(2) on T
619,dHex(1)Hex(3)HexNAc(2)NeuGc(1) on S
620,dHex(1)Hex(3)HexNAc(2)NeuGc(1) on T
621,dHex(1)Hex(3)HexNAc(2)Pent(1) on N
622,dHex(1)Hex(3)HexNAc(2)Sulf(1) on N
623,dHex(1)Hex(3)HexNAc(2)Sulf(1) on S
624,dHex(1)Hex(3)HexNAc(2)Sulf(1) on T
625,dHex(1)Hex(3)HexNAc(3) on N
626,dHex(1)Hex(3)HexNAc(3) on S
627,dHex(1)Hex(3)HexNAc(3) on T
628,dHex(1)Hex(3)HexNAc(3)NeuAc(2) on S
629,dHex(1)Hex(3)HexNAc(3)NeuAc(2) on T
630,dHex(1)Hex(3)HexNAc(3)Pent(1) on N
631,dHex(1)Hex(3)HexNAc(3)Pent(2) on N
632,dHex(1)Hex(3)HexNAc(3)Pent(3) on N
633,dHex(1)Hex(3)HexNAc(3)Sulf(1) on S
634,dHex(1)Hex(3)HexNAc(3)Sulf(1) on T
635,dHex(1)Hex(3)HexNAc(4) on N
636,dHex(1)Hex(3)HexNAc(4) on S
637,dHex(1)Hex(3)HexNAc(4) on T
638,dHex(1)Hex(3)HexNAc(4)NeuAc(1) on N
639,dHex(1)Hex(3)HexNAc(4)Pent(1) on N
640,dHex(1)Hex(3)HexNAc(4)Pent(2) on N
641,dHex(1)Hex(3)HexNAc(4)Pent(3) on N
642,dHex(1)Hex(3)HexNAc(4)Sulf(1) on N
643,dHex(1)Hex(3)HexNAc(5) on N
644,dHex(1)Hex(3)HexNAc(5) on S
645,dHex(1)Hex(3)HexNAc(5) on T
646,dHex(1)Hex(3)HexNAc(5)NeuAc(1) on N
647,dHex(1)Hex(3)HexNAc(5)NeuAc(1) on S
648,dHex(1)Hex(3)HexNAc(5)NeuAc(1) on T
649,dHex(1)Hex(3)HexNAc(5)Sulf(1) on N
650,dHex(1)Hex(3)HexNAc(6) on N
651,dHex(1)Hex(3)HexNAc(6) on S
652,dHex(1)Hex(3)HexNAc(6) on T
653,dHex(1)Hex(3)HexNAc(6)Sulf(1) on N
654,dHex(1)Hex(4) on S
655,dHex(1)Hex(4) on T
656,dHex(1)Hex(4)HexA(1) on S
657,dHex(1)Hex(4)HexA(1) on T
658,dHex(1)Hex(4)HexA(1)HexNAc(2) on S
659,dHex(1)Hex(4)HexA(1)HexNAc(2) on T
660,dHex(1)Hex(4)HexA(1)HexNAc(3)Sulf(1) on S
661,dHex(1)Hex(4)HexA(1)HexNAc(3)Sulf(1) on T
662,dHex(1)Hex(4)HexNAc(1)Pent(1) on N
663,dHex(1)Hex(4)HexNAc(2) on N
664,dHex(1)Hex(4)HexNAc(2) on S
665,dHex(1)Hex(4)HexNAc(2) on T
666,dHex(1)Hex(4)HexNAc(2)Pent(1) on N
667,dHex(1)Hex(4)HexNAc(3) on N
668,dHex(1)Hex(4)HexNAc(3)NeuAc(1) on N
669,dHex(1)Hex(4)HexNAc(3)NeuAc(1) on S
670,dHex(1)Hex(4)HexNAc(3)NeuAc(1) on T
671,dHex(1)Hex(4)HexNAc(3)NeuAc(1)Sulf(1) on N
672,dHex(1)Hex(4)HexNAc(3)NeuGc(1) on N
673,dHex(1)Hex(4)HexNAc(3)Pent(1) on N
674,dHex(1)Hex(4)HexNAc(3)Sulf(1) on N
675,dHex(1)Hex(4)HexNAc(4) on N
676,dHex(1)Hex(4)HexNAc(4) on S
677,dHex(1)Hex(4)HexNAc(4) on T
678,dHex(1)Hex(4)HexNAc(4)NeuAc(1) on N
679,dHex(1)Hex(4)HexNAc(4)NeuAc(1) on S
680,dHex(1)Hex(4)HexNAc(4)NeuAc(1) on T
681,dHex(1)Hex(4)HexNAc(4)NeuAc(1)Sulf(1) on N
682,dHex(1)Hex(4)HexNAc(4)Pent(1) on N
683,dHex(1)Hex(4)HexNAc(4)Sulf(1) on N
684,dHex(1)Hex(4)HexNAc(5) on N
685,dHex(1)Hex(4)HexNAc(5)Sulf(1) on N
686,dHex(1)Hex(5) on S
687,dHex(1)Hex(5) on T
688,dHex(1)Hex(5)HexA(1)HexNAc(3)Sulf(1) on N
689,dHex(1)Hex(5)HexA(1)HexNAc(3)Sulf(2) on N
690,dHex(1)Hex(5)HexNAc(2) on N
691,dHex(1)Hex(5)HexNAc(2)Pent(1) on N
692,dHex(1)Hex(5)HexNAc(3) on N
693,dHex(1)Hex(5)HexNAc(3)NeuAc(1) on N
694,dHex(1)Hex(5)HexNAc(3)NeuAc(1)Sulf(1) on N
695,dHex(1)Hex(5)HexNAc(3)NeuGc(1) on N
696,dHex(1)Hex(5)HexNAc(3)NeuGc(1)Sulf(1) on N
697,dHex(1)Hex(5)HexNAc(3)Sulf(1) on N
698,dHex(1)Hex(5)HexNAc(4) on N
699,dHex(1)Hex(5)HexNAc(4)Me(2)Pent(1) on N
700,dHex(1)Hex(5)HexNAc(4)NeuAc(1) on N
701,dHex(1)Hex(5)HexNAc(4)NeuAc(2) on N
702,dHex(1)Hex(5)HexNAc(4)Pent(1) on N
703,dHex(1)Hex(5)HexNAc(4)Sulf(1) on N
704,dHex(1)Hex(5)HexNAc(4)Sulf(2) on N
705,dHex(1)Hex(5)HexNAc(5) on N
706,dHex(1)Hex(6) on S
707,dHex(1)Hex(6) on T
708,dHex(1)Hex(6)HexNAc(2) on N
709,dHex(1)Hex(6)HexNAc(3) on N
710,dHex(1)Hex(6)HexNAc(3)Sulf(1) on N
711,dHex(1)Hex(6)HexNAc(4) on N
712,dHex(1)Hex(7)HexNAc(2) on N
713,dHex(1)Hex(7)HexNAc(3) on N
714,dHex(1)Hex(7)HexNAc(3)Phos(1) on N
715,dHex(1)Hex(7)HexNAc(3)Sulf(1) on N
716,dHex(1)Hex(7)HexNAc(4) on N
717,dHex(1)Hex(8)HexNAc(2) on N
718,dHex(1)HexNAc(3) on S
719,dHex(1)HexNAc(3) on T
720,dHex(1)HexNAc(4) on S
721,dHex(1)HexNAc(4) on T
722,dHex(1)HexNAc(5) on S
723,dHex(1)HexNAc(5) on T
724,dHex(2)Hex(1)HexNAc(1)Kdn(1) on S
725,dHex(2)Hex(1)HexNAc(1)Kdn(1) on T
726,dHex(2)Hex(1)HexNAc(2)Kdn(1) on S
727,dHex(2)Hex(1)HexNAc(2)Kdn(1) on T
728,dHex(2)Hex(1)HexNAc(2)NeuAc(1) on S
729,dHex(2)Hex(1)HexNAc(2)NeuAc(1) on T
730,dHex(2)Hex(1)HexNAc(2)NeuGc(1) on S
731,dHex(2)Hex(1)HexNAc(2)NeuGc(1) on T
732,dHex(2)Hex(1)HexNAc(3) on S
733,dHex(2)Hex(1)HexNAc(3) on T
734,dHex(2)Hex(1)HexNAc(4)Sulf(1) on S
735,dHex(2)Hex(1)HexNAc(4)Sulf(1) on T
736,dHex(2)Hex(2) on S
737,dHex(2)Hex(2) on T
738,dHex(2)Hex(2)HexA(1) on S
739,dHex(2)Hex(2)HexA(1) on T
740,dHex(2)Hex(2)HexA(1)HexNAc(1) on S
741,dHex(2)Hex(2)HexA(1)HexNAc(1) on T
742,dHex(2)Hex(2)HexA(1)HexNAc(2)Sulf(1) on S
743,dHex(2)Hex(2)HexA(1)HexNAc(2)Sulf(1) on T
744,dHex(2)Hex(2)HexNAc(1) on S
745,dHex(2)Hex(2)HexNAc(1) on T
746,dHex(2)Hex(2)HexNAc(2) on N
747,dHex(2)Hex(2)HexNAc(2) on S
748,dHex(2)Hex(2)HexNAc(2) on T
749,dHex(2)Hex(2)HexNAc(2)Kdn(1) on S
750,dHex(2)Hex(2)HexNAc(2)Kdn(1) on T
751,dHex(2)Hex(2)HexNAc(2)NeuAc(1) on S
752,dHex(2)Hex(2)HexNAc(2)NeuAc(1) on T
753,dHex(2)Hex(2)HexNAc(2)NeuAc(1)Sulf(1) on S
754,dHex(2)Hex(2)HexNAc(2)NeuAc(1)Sulf(1) on T
755,dHex(2)Hex(2)HexNAc(2)NeuGc(1) on S
756,dHex(2)Hex(2)HexNAc(2)NeuGc(1) on T
757,dHex(2)Hex(2)HexNAc(2)Sulf(1) on S
758,dHex(2)Hex(2)HexNAc(2)Sulf(1) on T
759,dHex(2)Hex(2)HexNAc(2)Sulf(2) on S
760,dHex(2)Hex(2)HexNAc(2)Sulf(2) on T
761,dHex(2)Hex(2)HexNAc(3) on N
762,dHex(2)Hex(2)HexNAc(3) on S
763,dHex(2)Hex(2)HexNAc(3) on T
764,dHex(2)Hex(2)HexNAc(3)NeuAc(1) on S
765,dHex(2)Hex(2)HexNAc(3)NeuAc(1) on T
766,dHex(2)Hex(2)HexNAc(3)NeuGc(1) on S
767,dHex(2)Hex(2)HexNAc(3)NeuGc(1) on T
768,dHex(2)Hex(2)HexNAc(3)Sulf(1) on S
769,dHex(2)Hex(2)HexNAc(3)Sulf(1) on T
770,dHex(2)Hex(2)HexNAc(4) on S
771,dHex(2)Hex(2)HexNAc(4) on T
772,dHex(2)Hex(2)HexNAc(4)Sulf(2) on S
773,dHex(2)Hex(2)HexNAc(4)Sulf(2) on T
774,dHex(2)Hex(2)HexNAc(5) on S
775,dHex(2)Hex(2)HexNAc(5) on T
776,dHex(2)Hex(2)HexNAc(6)Sulf(1) on S
777,dHex(2)Hex(2)HexNAc(6)Sulf(1) on T
778,dHex(2)Hex(3) on S
779,dHex(2)Hex(3) on T
780,dHex(2)Hex(3)HexA(1)HexNAc(1)Sulf(1) on S
781,dHex(2)Hex(3)HexA(1)HexNAc(1)Sulf(1) on T
782,dHex(2)Hex(3)HexA(1)HexNAc(2)Sulf(1) on S
783,dHex(2)Hex(3)HexA(1)HexNAc(2)Sulf(1) on T
784,dHex(2)Hex(3)HexA(1)HexNAc(3)Sulf(1) on S
785,dHex(2)Hex(3)HexA(1)HexNAc(3)Sulf(1) on T
786,dHex(2)Hex(3)HexNAc(1)Sulf(1) on S
787,dHex(2)Hex(3)HexNAc(1)Sulf(1) on T
788,dHex(2)Hex(3)HexNAc(2) on N
789,dHex(2)Hex(3)HexNAc(2) on S
790,dHex(2)Hex(3)HexNAc(2) on T
791,dHex(2)Hex(3)HexNAc(2)NeuGc(1) on S
792,dHex(2)Hex(3)HexNAc(2)NeuGc(1) on T
793,dHex(2)Hex(3)HexNAc(2)Sulf(1) on S
794,dHex(2)Hex(3)HexNAc(2)Sulf(1) on T
795,dHex(2)Hex(3)HexNAc(3) on N
796,dHex(2)Hex(3)HexNAc(3) on S
797,dHex(2)Hex(3)HexNAc(3) on T
798,dHex(2)Hex(3)HexNAc(3)NeuAc(1) on S
799,dHex(2)Hex(3)HexNAc(3)NeuAc(1) on T
800,dHex(2)Hex(3)HexNAc(3)NeuAc(2) on S
801,dHex(2)Hex(3)HexNAc(3)NeuAc(2) on T
802,dHex(2)Hex(3)HexNAc(3)Pent(1) on N
803,dHex(2)Hex(3)HexNAc(3)Pent(2) on N
804,dHex(2)Hex(3)HexNAc(3)Sulf(1) on S
805,dHex(2)Hex(3)HexNAc(3)Sulf(1) on T
806,dHex(2)Hex(3)HexNAc(4) on N
807,dHex(2)Hex(3)HexNAc(4) on S
808,dHex(2)Hex(3)HexNAc(4) on T
809,dHex(2)Hex(3)HexNAc(4)NeuAc(1) on N
810,dHex(2)Hex(3)HexNAc(4)Pent(1) on N
811,dHex(2)Hex(3)HexNAc(4)Pent(2) on N
812,dHex(2)Hex(3)HexNAc(5) on N
813,dHex(2)Hex(3)HexNAc(5) on S
814,dHex(2)Hex(3)HexNAc(5) on T
815,dHex(2)Hex(3)HexNAc(6) on N
816,dHex(2)Hex(4) on S
817,dHex(2)Hex(4) on T
818,dHex(2)Hex(4)HexA(1)HexNAc(3)Sulf(1) on S
819,dHex(2)Hex(4)HexA(1)HexNAc(3)Sulf(1) on T
820,dHex(2)Hex(4)HexNAc(1) on S
821,dHex(2)Hex(4)HexNAc(1) on T
822,dHex(2)Hex(4)HexNAc(2) on N
823,dHex(2)Hex(4)HexNAc(2) on S
824,dHex(2)Hex(4)HexNAc(2) on T
825,dHex(2)Hex(4)HexNAc(3) on N
826,dHex(2)Hex(4)HexNAc(3)NeuAc(1)Sulf(1) on N
827,dHex(2)Hex(4)HexNAc(3)Pent(1) on N
828,dHex(2)Hex(4)HexNAc(4) on N
829,dHex(2)Hex(4)HexNAc(4) on S
830,dHex(2)Hex(4)HexNAc(4) on T
831,dHex(2)Hex(4)HexNAc(4)Pent(1) on N
832,dHex(2)Hex(4)HexNAc(4)Sulf(1) on N
833,dHex(2)Hex(4)HexNAc(5) on N
834,dHex(2)Hex(4)HexNAc(5) on S
835,dHex(2)Hex(4)HexNAc(5) on T
836,dHex(2)Hex(5)HexNAc(2)Me(1) on S
837,dHex(2)Hex(5)HexNAc(2)Me(1) on T
838,dHex(2)Hex(5)HexNAc(3)Pent(1) on N
839,dHex(2)Hex(5)HexNAc(4) on N
840,dHex(2)HexNAc(2)Kdn(1) on S
841,dHex(2)HexNAc(2)Kdn(1) on T
842,dHex(2)HexNAc(5) on S
843,dHex(2)HexNAc(5) on T
844,dHex(2)HexNAc(7) on S
845,dHex(2)HexNAc(7) on T
846,dHex(3)Hex(1)HexNAc(2)Kdn(1) on S
847,dHex(3)Hex(1)HexNAc(2)Kdn(1) on T
848,dHex(3)Hex(1)HexNAc(3)Kdn(1) on S
849,dHex(3)Hex(1)HexNAc(3)Kdn(1) on T
850,dHex(3)Hex(2)HexA(1)HexNAc(2)Sulf(1) on S
851,dHex(3)Hex(2)HexA(1)HexNAc(2)Sulf(1) on T
852,dHex(3)Hex(2)HexNAc(2) on S
853,dHex(3)Hex(2)HexNAc(2) on T
854,dHex(3)Hex(2)HexNAc(2)Kdn(1) on S
855,dHex(3)Hex(2)HexNAc(2)Kdn(1) on T
856,dHex(3)Hex(2)HexNAc(3) on S
857,dHex(3)Hex(2)HexNAc(3) on T
858,dHex(3)Hex(2)HexNAc(3)Kdn(1) on S
859,dHex(3)Hex(2)HexNAc(3)Kdn(1) on T
860,dHex(3)Hex(2)HexNAc(4) on S
861,dHex(3)Hex(2)HexNAc(4) on T
862,dHex(3)Hex(2)HexNAc(4)Sulf(2) on S
863,dHex(3)Hex(2)HexNAc(4)Sulf(2) on T
864,dHex(3)Hex(3)HexNAc(1) on S
865,dHex(3)Hex(3)HexNAc(1) on T
866,dHex(3)Hex(3)HexNAc(2) on S
867,dHex(3)Hex(3)HexNAc(2) on T
868,dHex(3)Hex(3)HexNAc(3) on S
869,dHex(3)Hex(3)HexNAc(3) on T
870,dHex(3)Hex(3)HexNAc(3)NeuAc(1) on S
871,dHex(3)Hex(3)HexNAc(3)NeuAc(1) on T
872,dHex(3)Hex(3)HexNAc(3)Pent(1) on N
873,dHex(3)Hex(3)HexNAc(4) on N
874,dHex(3)Hex(3)HexNAc(4)Pent(1) on N
875,dHex(3)Hex(4)HexNAc(4) on N
876,dHex(3)Hex(4)HexNAc(4) on S
877,dHex(3)Hex(4)HexNAc(4) on T
878,dHex(3)Hex(4)HexNAc(4)Sulf(1) on N
879,dHex(3)HexNAc(3)Kdn(1) on S
880,dHex(3)HexNAc(3)Kdn(1) on T
881,dHex(4)Hex(1)HexNAc(1)Kdn(2) on S
882,dHex(4)Hex(1)HexNAc(1)Kdn(2) on T
883,dHex(4)Hex(1)HexNAc(2)Kdn(1) on S
884,dHex(4)Hex(1)HexNAc(2)Kdn(1) on T
885,dHex(4)Hex(1)HexNAc(3)Kdn(1) on S
886,dHex(4)Hex(1)HexNAc(3)Kdn(1) on T
887,dHex(4)Hex(2)HexNAc(2)Kdn(1) on S
888,dHex(4)Hex(2)HexNAc(2)Kdn(1) on T
889,dHex(4)Hex(2)HexNAc(3) on S
890,dHex(4)Hex(2)HexNAc(3) on T
891,dHex(4)Hex(3)HexNAc(2)NeuAc(1) on S
892,dHex(4)Hex(3)HexNAc(2)NeuAc(1) on T
893,dHex(4)Hex(3)HexNAc(3) on S
894,dHex(4)Hex(3)HexNAc(3) on T
895,dHex(4)HexNAc(3)Kdn(1) on S
896,dHex(4)HexNAc(3)Kdn(1) on T
897,DHP on C
898,Di_L-Gln_N?-propargyl-L-Gln_desthiobiotin on D
899,Di_L-Gln_N?-propargyl-L-Gln_desthiobiotin on E
900,Di_L-Glu_N?-propargyl-L-Gln_desthiobiotin on D
901,Di_L-Glu_N?-propargyl-L-Gln_desthiobiotin on E
902,Diacylglycerol on C
903,DiART6plex on K
904,DiART6plex on X
905,DiART6plex on Y
906,DiART6plex115 on K
907,DiART6plex115 on X
908,DiART6plex115 on Y
909,DiART6plex116/119 on K
910,DiART6plex116/119 on X
911,DiART6plex116/119 on Y
912,DiART6plex117 on K
913,DiART6plex117 on X
914,DiART6plex117 on Y
915,DiART6plex118 on K
916,DiART6plex118 on X
917,DiART6plex118 on Y
918,Dibromo on Y
919,Dicarbamidomethyl on C
920,Dicarbamidomethyl on H
921,Dicarbamidomethyl on K
922,Dicarbamidomethyl on R
923,Dicarbamidomethyl on X
924,dichlorination on C
925,dichlorination on Y
926,Didehydro on K
927,Didehydro on S
928,Didehydro on T
929,Didehydro on Y
930,Didehydroretinylidene on K
931,Diethyl on K
932,Diethyl on X
933,Diethylphosphate on C
934,Diethylphosphate on H
935,Diethylphosphate on K
936,Diethylphosphate on S
937,Diethylphosphate on T
938,Diethylphosphate on X
939,Diethylphosphate on Y
940,Diethylphosphothione on C
941,Diethylphosphothione on H
942,Diethylphosphothione on K
943,Diethylphosphothione on S
944,Diethylphosphothione on T
945,Diethylphosphothione on Y
946,Difuran on Y
947,Dihydroxyimidazolidine on R
948,Diiodo on H
949,Diiodo on Y
950,Diironsubcluster on C
951,Diisopropylphosphate on K
952,Diisopropylphosphate on S
953,Diisopropylphosphate on T
954,Diisopropylphosphate on X
955,Diisopropylphosphate on Y
956,DiLeu4plex on K
957,DiLeu4plex on X
958,DiLeu4plex on Y
959,DiLeu4plex115 on K
960,DiLeu4plex115 on X
961,DiLeu4plex115 on Y
962,DiLeu4plex117 on K
963,DiLeu4plex117 on X
964,DiLeu4plex117 on Y
965,DiLeu4plex118 on K
966,DiLeu4plex118 on X
967,DiLeu4plex118 on Y
968,Dimethyl on K
969,Dimethyl on N
970,Dimethyl on P
971,Dimethyl on R
972,Dimethyl on X
973,Dimethyl:2H(4) on K
974,Dimethyl:2H(4) on R
975,Dimethyl:2H(4) on X
976,Dimethyl:2H(4)13C(2) on K
977,Dimethyl:2H(4)13C(2) on R
978,Dimethyl:2H(4)13C(2) on X
979,Dimethyl:2H(6) on K
980,Dimethyl:2H(6) on R
981,Dimethyl:2H(6) on X
982,Dimethyl:2H(6)13C(2) on K
983,Dimethyl:2H(6)13C(2) on R
984,Dimethyl:2H(6)13C(2) on X
985,DimethylamineGMBS on C
986,Dimethylaminoethyl on C
987,DimethylArsino on C
988,Dimethylphosphothione on C
989,Dimethylphosphothione on H
990,Dimethylphosphothione on K
991,Dimethylphosphothione on S
992,Dimethylphosphothione on T
993,Dimethylphosphothione on Y
994,DimethylpyrroleAdduct on K
995,Dioxidation on C
996,Dioxidation on E
997,Dioxidation on F
998,Dioxidation on I
999,Dioxidation on K
1000,Dioxidation on L
1001,Dioxidation on M
1002,Dioxidation on P
1003,Dioxidation on R
1004,Dioxidation on U
1005,Dioxidation on V
1006,Dioxidation on W
1007,Dioxidation on Y
1008,Diphthamide on H
1009,Dipyridyl on C
1010,Dipyrrolylmethanemethyl on C
1011,DMPO on C
1012,DMPO on H
1013,DMPO on Y
1014,DNCB_hapten on C
1015,DNCB_hapten on H
1016,DNCB_hapten on K
1017,DNCB_hapten on Y
1018,dNIC on K
1019,dNIC on X
1020,DNPS on C
1021,DNPS on W
1022,DTT on C
1023,DVFQQQTGG on K
1024,DyLight-maleimide on C
1025,DYn-2 on C
1026,EDEDTIDVFQQQTGG on K
1027,EDT-iodoacetyl-PEO-biotin on S
1028,EDT-iodoacetyl-PEO-biotin on T
1029,EDT-maleimide-PEO-biotin on S
1030,EDT-maleimide-PEO-biotin on T
1031,EEEDVIEVYQEQTGG on K
1032,EGCG1 on C
1033,EGCG2 on C
1034,EHD-diphenylpentanone on C
1035,EHD-diphenylpentanone on M
1036,EQAT on C
1037,EQAT:2H(5) on C
1038,EQIGG on K
1039,ESP on K
1040,ESP on X
1041,ESP:2H(10) on K
1042,ESP:2H(10) on X
1043,Ethanedithiol on S
1044,Ethanedithiol on T
1045,Ethanolamine on C
1046,Ethanolamine on D
1047,Ethanolamine on E
1048,Ethanolamine on X
1049,Ethanolyl on C
1050,Ethanolyl on K
1051,Ethanolyl on R
1052,Ethyl on D
1053,Ethyl on E
1054,Ethyl on K
1055,Ethyl on X
1056,Ethyl+Deamidated on N
1057,Ethyl+Deamidated on Q
1058,ethylamino on S
1059,ethylamino on T
1060,Ethylphosphate on K
1061,Ethylphosphate on S
1062,Ethylphosphate on T
1063,Ethylphosphate on X
1064,Ethylphosphate on Y
1065,ethylsulfonylethyl on C
1066,ethylsulfonylethyl on H
1067,ethylsulfonylethyl on K
1068,Ethynyl on C
1069,ExacTagAmine on K
1070,ExacTagThiol on C
1071,FAD on C
1072,FAD on H
1073,FAD on Y
1074,Farnesyl on C
1075,Fluorescein on C
1076,Fluorescein-tyramine on Y
1077,Fluoro on A
1078,Fluoro on F
1079,Fluoro on W
1080,Fluoro on Y
1081,FMN on S
1082,FMN on T
1083,FMNC on C
1084,FMNH on C
1085,FMNH on H
1086,FNEM on C
1087,Formyl on K
1088,Formyl on S
1089,Formyl on T
1090,Formyl on X
1091,Formylasparagine on H
1092,FormylMet on X
1093,FP-Biotin on K
1094,FP-Biotin on S
1095,FP-Biotin on T
1096,FP-Biotin on Y
1097,FTC on C
1098,FTC on K
1099,FTC on P
1100,FTC on R
1101,FTC on S
1102,Furan on Y
1103,Galactosyl on K
1104,Galactosyl on X
1105,GEE on Q
1106,GeranylGeranyl on C
1107,GG on C
1108,GG on K
1109,GG on S
1110,GG on T
1111,GG on X
1112,GGQ on K
1113,G-H1 on R
1114,GIST-Quat on K
1115,GIST-Quat on X
1116,GIST-Quat:2H(3) on K
1117,GIST-Quat:2H(3) on X
1118,GIST-Quat:2H(6) on K
1119,GIST-Quat:2H(6) on X
1120,GIST-Quat:2H(9) on K
1121,GIST-Quat:2H(9) on X
1122,Gln->Ala on Q
1123,Gln->Arg on Q
1124,Gln->Asn on Q
1125,Gln->Asp on Q
1126,Gln->Cys on Q
1127,Gln->Glu on Q
1128,Gln->Gly on Q
1129,Gln->His on Q
1130,Gln->Lys on Q
1131,Gln->Met on Q
1132,Gln->Phe on Q
1133,Gln->Pro on Q
1134,Gln->pyro-Glu on Q
1135,Gln->Ser on Q
1136,Gln->Thr on Q
1137,Gln->Trp on Q
1138,Gln->Tyr on Q
1139,Gln->Val on Q
1140,Gln->Xle on Q
1141,Glu on E
1142,Glu on X
1143,Glu+O(2) on H
1144,Glu->Ala on E
1145,Glu->Arg on E
1146,Glu->Asn on E
1147,Glu->Asp on E
1148,Glu->Cys on E
1149,Glu->Gln on E
1150,Glu->Gly on E
1151,Glu->His on E
1152,Glu->Lys on E
1153,Glu->Met on E
1154,Glu->Phe on E
1155,Glu->Pro on E
1156,Glu->pyro-Glu on E
1157,Glu->pyro-Glu+Methyl on E
1158,Glu->pyro-Glu+Methyl:2H(2)13C(1) on E
1159,Glu->Ser on E
1160,Glu->Thr on E
1161,Glu->Trp on E
1162,Glu->Tyr on E
1163,Glu->Val on E
1164,Glu->Xle on E
1165,glucosone on R
1166,Glucosylgalactosyl on K
1167,Glucuronyl on S
1168,Glucuronyl on T
1169,Glucuronyl on X
1170,GluGlu on E
1171,GluGlu on X
1172,GluGluGlu on E
1173,GluGluGlu on X
1174,GluGluGluGlu on E
1175,GluGluGluGlu on X
1176,Gluratylation on K
1177,Glutathione on C
1178,Gly on K
1179,Gly on S
1180,Gly on T
1181,Gly+O(2) on H
1182,Gly->Ala on G
1183,Gly->Arg on G
1184,Gly->Asn on G
1185,Gly->Asp on G
1186,Gly->Cys on G
1187,Gly->Gln on G
1188,Gly->Glu on G
1189,Gly->His on G
1190,Gly->Lys on G
1191,Gly->Met on G
1192,Gly->Phe on G
1193,Gly->Pro on G
1194,Gly->Ser on G
1195,Gly->Thr on G
1196,Gly->Trp on G
1197,Gly->Tyr on G
1198,Gly->Val on G
1199,Gly->Xle on G
1200,Glycerophospho on S
1201,Glyceroyl on K
1202,Glyceroyl on X
1203,GlycerylPE on E
1204,glycidamide on K
1205,glycidamide on X
1206,Glycosyl on P
1207,Gly-loss+Amide on G
1208,glyoxalAGE on R
1209,GNLLFLACYCIGG on K
1210,GPIanchor on X
1211,Guanidinyl on K
1212,Guanidinyl on X
1213,Haloxon on C
1214,Haloxon on H
1215,Haloxon on K
1216,Haloxon on S
1217,Haloxon on T
1218,Haloxon on Y
1219,HCysteinyl on C
1220,HCysThiolactone on K
1221,Heme on C
1222,Heme on H
1223,Hep on K
1224,Hep on N
1225,Hep on Q
1226,Hep on R
1227,Hep on S
1228,Hep on T
1229,Hex on C
1230,Hex on K
1231,Hex on N
1232,Hex on R
1233,Hex on S
1234,Hex on T
1235,Hex on W
1236,Hex on X
1237,Hex on Y
1238,Hex(1)HexA(1) on S
1239,Hex(1)HexA(1) on T
1240,Hex(1)HexA(1)HexNAc(1) on S
1241,Hex(1)HexA(1)HexNAc(1) on T
1242,Hex(1)HexA(1)HexNAc(2) on S
1243,Hex(1)HexA(1)HexNAc(2) on T
1244,Hex(1)HexNAc(1) on N
1245,Hex(1)HexNAc(1) on S
1246,Hex(1)HexNAc(1) on T
1247,Hex(1)HexNAc(1)dHex(1) on N
1248,Hex(1)HexNAc(1)dHex(1) on S
1249,Hex(1)HexNAc(1)dHex(1) on T
1250,Hex(1)HexNAc(1)dHex(1)Me(1) on S
1251,Hex(1)HexNAc(1)dHex(1)Me(1) on T
1252,Hex(1)HexNAc(1)dHex(1)Me(2) on S
1253,Hex(1)HexNAc(1)dHex(1)Me(2) on T
1254,Hex(1)HexNAc(1)Kdn(1)Sulf(1) on S
1255,Hex(1)HexNAc(1)Kdn(1)Sulf(1) on T
1256,Hex(1)HexNAc(1)NeuAc(1) on N
1257,Hex(1)HexNAc(1)NeuAc(1) on S
1258,Hex(1)HexNAc(1)NeuAc(1) on T
1259,Hex(1)HexNAc(1)NeuAc(1)Ac(1) on S
1260,Hex(1)HexNAc(1)NeuAc(1)Ac(1) on T
1261,Hex(1)HexNAc(1)NeuAc(1)NeuGc(1) on S
1262,Hex(1)HexNAc(1)NeuAc(1)NeuGc(1) on T
1263,Hex(1)HexNAc(1)NeuAc(1)Sulf(1) on S
1264,Hex(1)HexNAc(1)NeuAc(1)Sulf(1) on T
1265,Hex(1)HexNAc(1)NeuAc(2) on N
1266,Hex(1)HexNAc(1)NeuAc(2) on S
1267,Hex(1)HexNAc(1)NeuAc(2) on T
1268,Hex(1)HexNAc(1)NeuAc(2)Ac(1) on S
1269,Hex(1)HexNAc(1)NeuAc(2)Ac(1) on T
1270,Hex(1)HexNAc(1)NeuAc(2)Ac(2) on S
1271,Hex(1)HexNAc(1)NeuAc(2)Ac(2) on T
1272,Hex(1)HexNAc(1)NeuAc(3) on S
1273,Hex(1)HexNAc(1)NeuAc(3) on T
1274,Hex(1)HexNAc(1)NeuGc(1) on S
1275,Hex(1)HexNAc(1)NeuGc(1) on T
1276,Hex(1)HexNAc(1)NeuGc(2) on S
1277,Hex(1)HexNAc(1)NeuGc(2) on T
1278,Hex(1)HexNAc(1)NeuGc(3) on S
1279,Hex(1)HexNAc(1)NeuGc(3) on T
1280,Hex(1)HexNAc(1)NeuGc(4) on S
1281,Hex(1)HexNAc(1)NeuGc(4) on T
1282,Hex(1)HexNAc(1)NeuGc(5) on S
1283,Hex(1)HexNAc(1)NeuGc(5) on T
1284,Hex(1)HexNAc(1)Phos(1) on S
1285,Hex(1)HexNAc(1)Phos(1) on T
1286,Hex(1)HexNAc(1)Sulf(1) on S
1287,Hex(1)HexNAc(1)Sulf(1) on T
1288,Hex(1)HexNAc(2) on N
1289,Hex(1)HexNAc(2) on S
1290,Hex(1)HexNAc(2) on T
1291,Hex(1)HexNAc(2)dHex(1) on N
1292,Hex(1)HexNAc(2)dHex(1) on S
1293,Hex(1)HexNAc(2)dHex(1) on T
1294,Hex(1)HexNAc(2)dHex(1)Pent(1) on N
1295,Hex(1)HexNAc(2)dHex(2) on N
1296,Hex(1)HexNAc(2)dHex(2) on S
1297,Hex(1)HexNAc(2)dHex(2) on T
1298,Hex(1)HexNAc(2)dHex(2)Sulf(1) on S
1299,Hex(1)HexNAc(2)dHex(2)Sulf(1) on T
1300,Hex(1)HexNAc(2)NeuAc(1) on S
1301,Hex(1)HexNAc(2)NeuAc(1) on T
1302,Hex(1)HexNAc(2)NeuAc(1)Sulf(1) on S
1303,Hex(1)HexNAc(2)NeuAc(1)Sulf(1) on T
1304,Hex(1)HexNAc(2)NeuAc(2) on S
1305,Hex(1)HexNAc(2)NeuAc(2) on T
1306,Hex(1)HexNAc(2)NeuAc(2)Sulf(1) on S
1307,Hex(1)HexNAc(2)NeuAc(2)Sulf(1) on T
1308,Hex(1)HexNAc(2)NeuGc(1) on S
1309,Hex(1)HexNAc(2)NeuGc(1) on T
1310,Hex(1)HexNAc(2)Pent(1) on N
1311,Hex(1)HexNAc(2)Sulf(1) on S
1312,Hex(1)HexNAc(2)Sulf(1) on T
1313,Hex(1)HexNAc(3) on S
1314,Hex(1)HexNAc(3) on T
1315,Hex(1)HexNAc(3)NeuAc(1) on S
1316,Hex(1)HexNAc(3)NeuAc(1) on T
1317,Hex(1)HexNAc(3)NeuAc(2) on S
1318,Hex(1)HexNAc(3)NeuAc(2) on T
1319,Hex(1)HexNAc(3)NeuGc(1) on S
1320,Hex(1)HexNAc(3)NeuGc(1) on T
1321,Hex(1)HexNAc(3)Sulf(1) on S
1322,Hex(1)HexNAc(3)Sulf(1) on T
1323,Hex(1)HexNAc(4)dHex(1)Sulf(1) on S
1324,Hex(1)HexNAc(4)dHex(1)Sulf(1) on T
1325,Hex(1)NeuAc(1) on S
1326,Hex(1)NeuAc(1) on T
1327,Hex(1)NeuAc(1)Pent(1) on S
1328,Hex(1)NeuAc(1)Pent(1) on T
1329,Hex(1)NeuGc(1) on S
1330,Hex(1)NeuGc(1) on T
1331,Hex(1)Pent(1) on S
1332,Hex(1)Pent(1) on T
1333,Hex(1)Pent(2) on S
1334,Hex(1)Pent(2) on T
1335,Hex(1)Pent(2)Me(1) on S
1336,Hex(1)Pent(2)Me(1) on T
1337,Hex(1)Pent(3) on S
1338,Hex(1)Pent(3) on T
1339,Hex(1)Pent(3)Me(1) on S
1340,Hex(1)Pent(3)Me(1) on T
1341,Hex(10)HexNAc(1) on N
1342,Hex(10)Phos(3) on S
1343,Hex(10)Phos(3) on T
1344,Hex(2) on K
1345,Hex(2) on R
1346,Hex(2) on S
1347,Hex(2) on T
1348,Hex(2)HexA(1)HexNAc(1)Sulf(1) on S
1349,Hex(2)HexA(1)HexNAc(1)Sulf(1) on T
1350,Hex(2)HexA(1)NeuAc(1)Pent(1)Sulf(1) on S
1351,Hex(2)HexA(1)NeuAc(1)Pent(1)Sulf(1) on T
1352,Hex(2)HexA(1)Pent(1)Sulf(1) on S
1353,Hex(2)HexA(1)Pent(1)Sulf(1) on T
1354,Hex(2)HexNAc(1) on N
1355,Hex(2)HexNAc(1) on S
1356,Hex(2)HexNAc(1) on T
1357,Hex(2)HexNAc(1)Me(1) on S
1358,Hex(2)HexNAc(1)Me(1) on T
1359,Hex(2)HexNAc(1)NeuGc(1) on S
1360,Hex(2)HexNAc(1)NeuGc(1) on T
1361,Hex(2)HexNAc(1)NeuGc(2) on S
1362,Hex(2)HexNAc(1)NeuGc(2) on T
1363,Hex(2)HexNAc(1)NeuGc(3) on S
1364,Hex(2)HexNAc(1)NeuGc(3) on T
1365,Hex(2)HexNAc(1)NeuGc(4) on S
1366,Hex(2)HexNAc(1)NeuGc(4) on T
1367,Hex(2)HexNAc(1)Pent(1)HexA(1) on S
1368,Hex(2)HexNAc(1)Pent(1)HexA(1) on T
1369,Hex(2)HexNAc(1)Sulf(1) on S
1370,Hex(2)HexNAc(1)Sulf(1) on T
1371,Hex(2)HexNAc(2) on N
1372,Hex(2)HexNAc(2) on S
1373,Hex(2)HexNAc(2) on T
1374,Hex(2)HexNAc(2)dHex(1) on N
1375,Hex(2)HexNAc(2)dHex(1) on S
1376,Hex(2)HexNAc(2)dHex(1) on T
1377,Hex(2)HexNAc(2)NeuAc(1) on N
1378,Hex(2)HexNAc(2)NeuAc(1) on S
1379,Hex(2)HexNAc(2)NeuAc(1) on T
1380,Hex(2)HexNAc(2)NeuAc(1)Sulf(1) on S
1381,Hex(2)HexNAc(2)NeuAc(1)Sulf(1) on T
1382,Hex(2)HexNAc(2)NeuAc(2) on S
1383,Hex(2)HexNAc(2)NeuAc(2) on T
1384,Hex(2)HexNAc(2)NeuAc(2)Sulf(1) on S
1385,Hex(2)HexNAc(2)NeuAc(2)Sulf(1) on T
1386,Hex(2)HexNAc(2)NeuGc(1) on S
1387,Hex(2)HexNAc(2)NeuGc(1) on T
1388,Hex(2)HexNAc(2)Pent(1) on N
1389,Hex(2)HexNAc(2)Sulf(1) on S
1390,Hex(2)HexNAc(2)Sulf(1) on T
1391,Hex(2)HexNAc(3) on N
1392,Hex(2)HexNAc(3) on S
1393,Hex(2)HexNAc(3) on T
1394,Hex(2)HexNAc(3)NeuAc(1)NeuGc(1) on S
1395,Hex(2)HexNAc(3)NeuAc(1)NeuGc(1) on T
1396,Hex(2)HexNAc(3)NeuAc(1)Sulf(1) on S
1397,Hex(2)HexNAc(3)NeuAc(1)Sulf(1) on T
1398,Hex(2)HexNAc(3)NeuAc(2) on S
1399,Hex(2)HexNAc(3)NeuAc(2) on T
1400,Hex(2)HexNAc(3)NeuAc(3) on S
1401,Hex(2)HexNAc(3)NeuAc(3) on T
1402,Hex(2)HexNAc(3)NeuGc(1) on S
1403,Hex(2)HexNAc(3)NeuGc(1) on T
1404,Hex(2)HexNAc(3)NeuGc(2) on S
1405,Hex(2)HexNAc(3)NeuGc(2) on T
1406,Hex(2)HexNAc(3)NeuGc(3) on S
1407,Hex(2)HexNAc(3)NeuGc(3) on T
1408,Hex(2)HexNAc(3)Sulf(1) on S
1409,Hex(2)HexNAc(3)Sulf(1) on T
1410,Hex(2)HexNAc(4) on N
1411,Hex(2)HexNAc(4) on S
1412,Hex(2)HexNAc(4) on T
1413,Hex(2)HexNAc(4)NeuAc(1) on S
1414,Hex(2)HexNAc(4)NeuAc(1) on T
1415,Hex(2)HexNAc(5) on S
1416,Hex(2)HexNAc(5) on T
1417,Hex(2)NeuAc(1) on S
1418,Hex(2)NeuAc(1) on T
1419,Hex(2)Pent(2) on S
1420,Hex(2)Pent(2) on T
1421,Hex(2)Pent(2)Me(1) on S
1422,Hex(2)Pent(2)Me(1) on T
1423,Hex(2)Sulf(1) on S
1424,Hex(2)Sulf(1) on T
1425,Hex(3) on N
1426,Hex(3) on S
1427,Hex(3) on T
1428,Hex(3)HexNAc(1) on N
1429,Hex(3)HexNAc(1) on S
1430,Hex(3)HexNAc(1) on T
1431,Hex(3)HexNAc(1)HexA(1) on S
1432,Hex(3)HexNAc(1)HexA(1) on T
1433,Hex(3)HexNAc(1)Me(1) on S
1434,Hex(3)HexNAc(1)Me(1) on T
1435,Hex(3)HexNAc(1)Pent(1) on N
1436,Hex(3)HexNAc(2) on N
1437,Hex(3)HexNAc(2) on S
1438,Hex(3)HexNAc(2) on T
1439,Hex(3)HexNAc(2)NeuAc(1) on N
1440,Hex(3)HexNAc(2)NeuAc(2) on S
1441,Hex(3)HexNAc(2)NeuAc(2) on T
1442,Hex(3)HexNAc(2)Pent(1) on N
1443,Hex(3)HexNAc(2)Phos(1) on N
1444,Hex(3)HexNAc(3) on N
1445,Hex(3)HexNAc(3) on S
1446,Hex(3)HexNAc(3) on T
1447,Hex(3)HexNAc(3)NeuAc(1) on S
1448,Hex(3)HexNAc(3)NeuAc(1) on T
1449,Hex(3)HexNAc(3)NeuAc(1)Sulf(1) on S
1450,Hex(3)HexNAc(3)NeuAc(1)Sulf(1) on T
1451,Hex(3)HexNAc(3)NeuAc(2) on S
1452,Hex(3)HexNAc(3)NeuAc(2) on T
1453,Hex(3)HexNAc(3)NeuAc(2)Sulf(1) on S
1454,Hex(3)HexNAc(3)NeuAc(2)Sulf(1) on T
1455,Hex(3)HexNAc(3)NeuAc(3) on S
1456,Hex(3)HexNAc(3)NeuAc(3) on T
1457,Hex(3)HexNAc(3)NeuGc(1) on S
1458,Hex(3)HexNAc(3)NeuGc(1) on T
1459,Hex(3)HexNAc(3)NeuGc(1)Sulf(1) on S
1460,Hex(3)HexNAc(3)NeuGc(1)Sulf(1) on T
1461,Hex(3)HexNAc(3)Pent(1) on N
1462,Hex(3)HexNAc(3)Sulf(1) on N
1463,Hex(3)HexNAc(3)Sulf(1) on S
1464,Hex(3)HexNAc(3)Sulf(1) on T
1465,Hex(3)HexNAc(4) on N
1466,Hex(3)HexNAc(4) on S
1467,Hex(3)HexNAc(4) on T
1468,Hex(3)HexNAc(4)NeuAc(1) on N
1469,Hex(3)HexNAc(4)NeuAc(2) on N
1470,Hex(3)HexNAc(4)Pent(1) on N
1471,Hex(3)HexNAc(4)Sulf(1) on N
1472,Hex(3)HexNAc(5) on N
1473,Hex(3)HexNAc(5) on S
1474,Hex(3)HexNAc(5) on T
1475,Hex(3)HexNAc(5)NeuAc(1) on N
1476,Hex(3)HexNAc(5)Sulf(1) on N
1477,Hex(3)HexNAc(6) on N
1478,Hex(3)HexNAc(6) on S
1479,Hex(3)HexNAc(6) on T
1480,Hex(3)HexNAc(6)NeuAc(1) on N
1481,Hex(3)HexNAc(6)Sulf(1) on N
1482,Hex(3)HexNAc(6)Sulf(2) on N
1483,Hex(3)HexNAc(7) on N
1484,Hex(3)HexNAc(7)Sulf(1) on N
1485,Hex(4) on S
1486,Hex(4) on T
1487,Hex(4)HexA(1) on S
1488,Hex(4)HexA(1) on T
1489,Hex(4)HexA(1)HexNAc(1) on S
1490,Hex(4)HexA(1)HexNAc(1) on T
1491,Hex(4)HexNAc(1) on N
1492,Hex(4)HexNAc(1) on S
1493,Hex(4)HexNAc(1) on T
1494,Hex(4)HexNAc(2) on N
1495,Hex(4)HexNAc(2)NeuAc(1) on N
1496,Hex(4)HexNAc(2)NeuAc(1) on S
1497,Hex(4)HexNAc(2)NeuAc(1) on T
1498,Hex(4)HexNAc(2)Pent(1) on N
1499,Hex(4)HexNAc(3) on N
1500,Hex(4)HexNAc(3) on S
1501,Hex(4)HexNAc(3) on T
1502,Hex(4)HexNAc(3)NeuAc(1) on N
1503,Hex(4)HexNAc(3)NeuAc(1) on S
1504,Hex(4)HexNAc(3)NeuAc(1) on T
1505,Hex(4)HexNAc(3)NeuAc(2) on N
1506,Hex(4)HexNAc(3)NeuGc(1) on N
1507,Hex(4)HexNAc(3)Pent(1) on N
1508,Hex(4)HexNAc(4) on N
1509,Hex(4)HexNAc(4) on S
1510,Hex(4)HexNAc(4) on T
1511,Hex(4)HexNAc(4)Me(2)Pent(1) on N
1512,Hex(4)HexNAc(4)NeuAc(1) on N
1513,Hex(4)HexNAc(4)NeuAc(1) on S
1514,Hex(4)HexNAc(4)NeuAc(1) on T
1515,Hex(4)HexNAc(4)NeuAc(1)Sulf(2) on S
1516,Hex(4)HexNAc(4)NeuAc(1)Sulf(2) on T
1517,Hex(4)HexNAc(4)NeuAc(1)Sulf(3) on S
1518,Hex(4)HexNAc(4)NeuAc(1)Sulf(3) on T
1519,Hex(4)HexNAc(4)NeuGc(1) on N
1520,Hex(4)HexNAc(4)NeuGc(1) on S
1521,Hex(4)HexNAc(4)NeuGc(1) on T
1522,Hex(4)HexNAc(4)NeuGc(1)Sulf(2) on S
1523,Hex(4)HexNAc(4)NeuGc(1)Sulf(2) on T
1524,Hex(4)HexNAc(4)Pent(1) on N
1525,Hex(4)HexNAc(4)Sulf(1) on N
1526,Hex(4)HexNAc(4)Sulf(2) on S
1527,Hex(4)HexNAc(4)Sulf(2) on T
1528,Hex(4)HexNAc(5) on N
1529,Hex(4)HexNAc(5)NeuAc(1) on N
1530,Hex(4)HexNAc(5)Sulf(1) on N
1531,Hex(4)HexNAc(6) on N
1532,Hex(4)Phos(1) on S
1533,Hex(4)Phos(1) on T
1534,Hex(5) on S
1535,Hex(5) on T
1536,Hex(5)HexA(1) on S
1537,Hex(5)HexA(1) on T
1538,Hex(5)HexNAc(1) on N
1539,Hex(5)HexNAc(1) on S
1540,Hex(5)HexNAc(1) on T
1541,Hex(5)HexNAc(2) on N
1542,Hex(5)HexNAc(2)Phos(1) on N
1543,Hex(5)HexNAc(3) on N
1544,Hex(5)HexNAc(3)Pent(1) on N
1545,Hex(5)HexNAc(4) on N
1546,Hex(5)HexNAc(4) on S
1547,Hex(5)HexNAc(4) on T
1548,Hex(5)HexNAc(4)Me(2)Pent(1) on N
1549,Hex(5)HexNAc(4)NeuAc(1) on N
1550,Hex(5)HexNAc(4)NeuAc(1)Ac(1) on N
1551,Hex(5)HexNAc(4)NeuAc(1)Ac(2) on N
1552,Hex(5)HexNAc(4)NeuAc(1)Sulf(1) on N
1553,Hex(5)HexNAc(4)NeuAc(2) on N
1554,Hex(5)HexNAc(4)NeuGc(1) on N
1555,Hex(5)HexNAc(4)Sulf(1) on N
1556,Hex(5)HexNAc(5) on N
1557,Hex(5)HexNAc(5) on S
1558,Hex(5)HexNAc(5) on T
1559,Hex(5)Phos(1) on S
1560,Hex(5)Phos(1) on T
1561,Hex(5)Phos(3) on S
1562,Hex(5)Phos(3) on T
1563,Hex(6)HexNAc(1) on N
1564,Hex(6)HexNAc(2) on N
1565,Hex(6)HexNAc(2)Phos(1) on N
1566,Hex(6)HexNAc(3) on N
1567,Hex(6)HexNAc(3)Phos(1) on N
1568,Hex(6)HexNAc(4) on N
1569,Hex(6)HexNAc(4) on S
1570,Hex(6)HexNAc(4) on T
1571,Hex(6)HexNAc(4)Me(3) on N
1572,Hex(6)HexNAc(4)Me(3)Pent(1) on N
1573,Hex(6)HexNAc(5) on N
1574,Hex(6)HexNAc(5)NeuAc(3) on N
1575,Hex(6)Phos(1) on S
1576,Hex(6)Phos(1) on T
1577,Hex(6)Phos(3) on S
1578,Hex(6)Phos(3) on T
1579,Hex(7)HexNAc(1) on N
1580,Hex(7)HexNAc(2) on N
1581,Hex(7)HexNAc(2)Phos(1) on N
1582,Hex(7)HexNAc(2)Phos(2) on N
1583,Hex(7)HexNAc(3) on N
1584,Hex(7)HexNAc(3)Phos(1) on N
1585,Hex(7)HexNAc(4) on N
1586,Hex(7)HexNAc(6) on N
1587,Hex(7)HexNAc(6) on S
1588,Hex(7)HexNAc(6) on T
1589,Hex(7)Phos(3) on S
1590,Hex(7)Phos(3) on T
1591,Hex(8)HexNAc(1) on N
1592,Hex(8)HexNAc(2) on N
1593,Hex(8)Phos(3) on S
1594,Hex(8)Phos(3) on T
1595,Hex(9) on N
1596,Hex(9)HexNAc(1) on N
1597,Hex(9)HexNAc(2) on N
1598,Hex(9)Phos(3) on S
1599,Hex(9)Phos(3) on T
1600,HexA(2)HexNAc(3) on S
1601,HexA(2)HexNAc(3) on T
1602,HexN on K
1603,HexN on N
1604,HexN on S
1605,HexN on T
1606,HexN on W
1607,HexNAc on C
1608,HexNAc on N
1609,HexNAc on S
1610,HexNAc on T
1611,HexNAc(1)dHex(1) on N
1612,HexNAc(1)dHex(1) on S
1613,HexNAc(1)dHex(1) on T
1614,HexNAc(1)dHex(2) on N
1615,HexNAc(1)Kdn(2) on S
1616,HexNAc(1)Kdn(2) on T
1617,HexNAc(1)NeuAc(1) on S
1618,HexNAc(1)NeuAc(1) on T
1619,HexNAc(1)NeuGc(1) on S
1620,HexNAc(1)NeuGc(1) on T
1621,HexNAc(1)NeuGc(2) on S
1622,HexNAc(1)NeuGc(2) on T
1623,HexNAc(2) on N
1624,HexNAc(2) on S
1625,HexNAc(2) on T
1626,HexNAc(2)dHex(1) on N
1627,HexNAc(2)dHex(2) on N
1628,HexNAc(2)NeuAc(1) on S
1629,HexNAc(2)NeuAc(1) on T
1630,HexNAc(2)NeuAc(1)Sulf(1) on S
1631,HexNAc(2)NeuAc(1)Sulf(1) on T
1632,HexNAc(2)NeuGc(1) on S
1633,HexNAc(2)NeuGc(1) on T
1634,HexNAc(2)Sulf(1) on S
1635,HexNAc(2)Sulf(1) on T
1636,HexNAc(3) on S
1637,HexNAc(3) on T
1638,HexNAc(3)Sulf(1) on S
1639,HexNAc(3)Sulf(1) on T
1640,HexNAc(4) on S
1641,HexNAc(4) on T
1642,HexNAc(5) on S
1643,HexNAc(5) on T
1644,His+O(2) on H
1645,His->Ala on H
1646,His->Arg on H
1647,His->Asn on H
1648,His->Asp on H
1649,His->Cys on H
1650,His->Gln on H
1651,His->Glu on H
1652,His->Gly on H
1653,His->Lys on H
1654,His->Met on H
1655,His->Phe on H
1656,His->Pro on H
1657,His->Ser on H
1658,His->Thr on H
1659,His->Trp on H
1660,His->Tyr on H
1661,His->Val on H
1662,His->Xle on H
1663,HMVK on C
1664,HN2_mustard on C
1665,HN2_mustard on H
1666,HN2_mustard on K
1667,HN3_mustard on C
1668,HN3_mustard on H
1669,HN3_mustard on K
1670,HNE on A
1671,HNE on C
1672,HNE on H
1673,HNE on K
1674,HNE on L
1675,HNE+Delta:H(2) on C
1676,HNE+Delta:H(2) on H
1677,HNE+Delta:H(2) on K
1678,HNE-BAHAH on C
1679,HNE-BAHAH on H
1680,HNE-BAHAH on K
1681,HNE-Delta:H(2)O on C
1682,HNE-Delta:H(2)O on H
1683,HNE-Delta:H(2)O on K
1684,Homocysteic_acid on M
1685,HPG on R
1686,Hydroxamic_acid on D
1687,Hydroxamic_acid on E
1688,Hydroxycinnamyl on C
1689,Hydroxyfarnesyl on C
1690,Hydroxyheme on E
1691,hydroxyisobutyryl on K
1692,Hydroxymethyl on N
1693,HydroxymethylOP on K
1694,Hydroxytrimethyl on K
1695,Hypusine on K
1696,IASD on C
1697,IBTP on C
1698,ICAT-C on C
1699,ICAT-C:13C(9) on C
1700,ICAT-D on C
1701,ICAT-D:2H(8) on C
1702,ICAT-G on C
1703,ICAT-G:2H(8) on C
1704,ICAT-H on C
1705,ICAT-H:13C(6) on C
1706,ICDID on C
1707,ICDID:2H(6) on C
1708,ICPL on K
1709,ICPL on X
1710,ICPL:13C(6) on K
1711,ICPL:13C(6) on X
1712,ICPL:13C(6)2H(4) on K
1713,ICPL:13C(6)2H(4) on X
1714,ICPL:2H(4) on K
1715,ICPL:2H(4) on X
1716,IDEnT on C
1717,IED-Biotin on C
1718,IGBP on C
1719,IGBP:13C(2) on C
1720,IMEHex(2)NeuAc(1) on K
1721,IMID on K
1722,IMID:2H(4) on K
1723,Iminobiotin on K
1724,Iminobiotin on X
1725,Iodo on H
1726,Iodo on Y
1727,Iodoacetanilide on C
1728,Iodoacetanilide on K
1729,Iodoacetanilide on X
1730,Iodoacetanilide:13C(6) on C
1731,Iodoacetanilide:13C(6) on K
1732,Iodoacetanilide:13C(6) on X
1733,iodoTMT on C
1734,iodoTMT on D
1735,iodoTMT on E
1736,iodoTMT on H
1737,iodoTMT on K
1738,iodoTMT6plex on C
1739,iodoTMT6plex on D
1740,iodoTMT6plex on E
1741,iodoTMT6plex on H
1742,iodoTMT6plex on K
1743,IodoU-AMP on F
1744,IodoU-AMP on W
1745,IodoU-AMP on Y
1746,ISD_z+2_ion on X
1747,Isopropylphospho on S
1748,Isopropylphospho on T
1749,Isopropylphospho on Y
1750,iTRAQ4plex on C
1751,iTRAQ4plex on H
1752,iTRAQ4plex on K
1753,iTRAQ4plex on S
1754,iTRAQ4plex on T
1755,iTRAQ4plex on X
1756,iTRAQ4plex on Y
1757,iTRAQ4plex114 on C
1758,iTRAQ4plex114 on K
1759,iTRAQ4plex114 on X
1760,iTRAQ4plex114 on Y
1761,iTRAQ4plex115 on C
1762,iTRAQ4plex115 on K
1763,iTRAQ4plex115 on X
1764,iTRAQ4plex115 on Y
1765,iTRAQ8plex on C
1766,iTRAQ8plex on H
1767,iTRAQ8plex on K
1768,iTRAQ8plex on S
1769,iTRAQ8plex on T
1770,iTRAQ8plex on X
1771,iTRAQ8plex on Y
1772,iTRAQ8plex:13C(6)15N(2) on C
1773,iTRAQ8plex:13C(6)15N(2) on K
1774,iTRAQ8plex:13C(6)15N(2) on X
1775,iTRAQ8plex:13C(6)15N(2) on Y
1776,Label:13C(1)2H(3) on M
1777,Label:13C(1)2H(3)+Oxidation on M
1778,Label:13C(2)15N(2) on K
1779,Label:13C(3) on A
1780,Label:13C(3)15N(1) on A
1781,Label:13C(3)15N(1) on S
1782,Label:13C(4) on M
1783,Label:13C(4)+Oxidation on M
1784,Label:13C(4)15N(1) on D
1785,Label:13C(4)15N(2)+GG on K
1786,Label:13C(5) on P
1787,Label:13C(5)15N(1) on E
1788,Label:13C(5)15N(1) on M
1789,Label:13C(5)15N(1) on P
1790,Label:13C(5)15N(1) on V
1791,Label:13C(6) on I
1792,Label:13C(6) on K
1793,Label:13C(6) on L
1794,Label:13C(6) on R
1795,Label:13C(6)+Acetyl on K
1796,Label:13C(6)+Dimethyl on K
1797,Label:13C(6)+GG on K
1798,Label:13C(6)15N(1) on I
1799,Label:13C(6)15N(1) on L
1800,Label:13C(6)15N(2) on K
1801,Label:13C(6)15N(2)+Acetyl on K
1802,Label:13C(6)15N(2)+Dimethyl on K
1803,Label:13C(6)15N(2)+GG on K
1804,Label:13C(6)15N(4) on R
1805,Label:13C(6)15N(4)+Dimethyl on R
1806,Label:13C(6)15N(4)+Dimethyl:2H(6)13C(2) on R
1807,Label:13C(6)15N(4)+Methyl on R
1808,Label:13C(6)15N(4)+Methyl:2H(3)13C(1) on R
1809,Label:13C(9) on F
1810,Label:13C(9) on Y
1811,Label:13C(9)+Phospho on Y
1812,Label:13C(9)15N(1) on F
1813,Label:15N(1) on A
1814,Label:15N(1) on C
1815,Label:15N(1) on D
1816,Label:15N(1) on E
1817,Label:15N(1) on F
1818,Label:15N(1) on G
1819,Label:15N(1) on I
1820,Label:15N(1) on L
1821,Label:15N(1) on M
1822,Label:15N(1) on P
1823,Label:15N(1) on S
1824,Label:15N(1) on T
1825,Label:15N(1) on V
1826,Label:15N(1) on Y
1827,Label:15N(2) on K
1828,Label:15N(2) on N
1829,Label:15N(2) on Q
1830,Label:15N(2) on W
1831,Label:15N(2)2H(9) on K
1832,Label:15N(3) on H
1833,Label:15N(4) on R
1834,Label:18O(1) on S
1835,Label:18O(1) on T
1836,Label:18O(1) on X
1837,Label:18O(1) on Y
1838,Label:18O(2) on X
1839,Label:2H(10) on L
1840,Label:2H(3) on L
1841,Label:2H(3) on M
1842,Label:2H(3)+Oxidation on M
1843,Label:2H(4) on A
1844,Label:2H(4) on F
1845,Label:2H(4) on K
1846,Label:2H(4) on U
1847,Label:2H(4) on Y
1848,Label:2H(4)+Acetyl on K
1849,Label:2H(4)+GG on K
1850,Label:2H(4)13C(1) on R
1851,Label:2H(6)15N(1) on P
1852,Label:2H(7)15N(4) on R
1853,Label:2H(9)13C(6)15N(2) on K
1854,lapachenole on C
1855,Leu->MetOx on L
1856,LG-anhydrolactam on K
1857,LG-anhydrolactam on X
1858,LG-anhyropyrrole on K
1859,LG-anhyropyrrole on X
1860,LG-Hlactam-K on K
1861,LG-Hlactam-K on X
1862,LG-Hlactam-R on R
1863,LG-lactam-K on K
1864,LG-lactam-K on X
1865,LG-lactam-R on R
1866,L-Gln on D
1867,L-Gln on E
1868,LG-pyrrole on C
1869,LG-pyrrole on K
1870,LG-pyrrole on X
1871,Lipoyl on K
1872,LRGG on K
1873,LRGG+dimethyl on K
1874,LRGG+methyl on K
1875,LTX+Lophotoxin on Y
1876,Lys on X
1877,Lys+O(2) on H
1878,Lys->Ala on K
1879,Lys->Allysine on K
1880,Lys->AminoadipicAcid on K
1881,Lys->Arg on K
1882,Lys->Asn on K
1883,Lys->Asp on K
1884,Lys->CamCys on K
1885,Lys->Cys on K
1886,Lys->Gln on K
1887,Lys->Glu on K
1888,Lys->Gly on K
1889,Lys->His on K
1890,Lys->Met on K
1891,Lys->MetOx on K
1892,Lys->Phe on K
1893,Lys->Pro on K
1894,Lys->Ser on K
1895,Lys->Thr on K
1896,Lys->Trp on K
1897,Lys->Tyr on K
1898,Lys->Val on K
1899,Lys->Xle on K
1900,Lysbiotinhydrazide on K
1901,Lys-loss on K
1902,maleimide on C
1903,maleimide on K
1904,maleimide3 on C
1905,maleimide3 on K
1906,maleimide5 on C
1907,maleimide5 on K
1908,Maleimide-PEO2-Biotin on C
1909,Malonyl on C
1910,Malonyl on K
1911,Malonyl on S
1912,MBS+peptide on C
1913,MDCC on C
1914,MeMePhosphorothioate on S
1915,Menadione on C
1916,Menadione on K
1917,Menadione-HQ on C
1918,Menadione-HQ on K
1919,MercaptoEthanol on S
1920,MercaptoEthanol on T
1921,MesitylOxide on H
1922,MesitylOxide on K
1923,MesitylOxide on X
1924,Met+O(2) on H
1925,Met->Aha on M
1926,Met->Ala on M
1927,Met->Arg on M
1928,Met->Asn on M
1929,Met->Asp on M
1930,Met->AspSA on M
1931,Met->Cys on M
1932,Met->Gln on M
1933,Met->Glu on M
1934,Met->Gly on M
1935,Met->His on M
1936,Met->Hpg on M
1937,Met->Hse on M
1938,Met->Hsl on M
1939,Met->Lys on M
1940,Met->Phe on M
1941,Met->Pro on M
1942,Met->Ser on M
1943,Met->Thr on M
1944,Met->Trp on M
1945,Met->Tyr on M
1946,Met->Val on M
1947,Met->Xle on M
1948,Methamidophos-O on C
1949,Methamidophos-O on H
1950,Methamidophos-O on K
1951,Methamidophos-O on S
1952,Methamidophos-O on T
1953,Methamidophos-O on Y
1954,Methamidophos-S on C
1955,Methamidophos-S on H
1956,Methamidophos-S on K
1957,Methamidophos-S on S
1958,Methamidophos-S on T
1959,Methamidophos-S on Y
1960,Methyl on C
1961,Methyl on D
1962,Methyl on E
1963,Methyl on H
1964,Methyl on I
1965,Methyl on K
1966,Methyl on L
1967,Methyl on N
1968,Methyl on Q
1969,Methyl on R
1970,Methyl on S
1971,Methyl on T
1972,Methyl on X
1973,Methyl:2H(2) on K
1974,Methyl:2H(2) on X
1975,Methyl:2H(3) on D
1976,Methyl:2H(3) on E
1977,Methyl:2H(3) on K
1978,Methyl:2H(3) on R
1979,Methyl:2H(3) on X
1980,Methyl:2H(3)+Acetyl:2H(3) on K
1981,Methyl:2H(3)13C(1) on K
1982,Methyl:2H(3)13C(1) on R
1983,Methyl:2H(3)13C(1) on X
1984,Methyl+Acetyl:2H(3) on K
1985,Methyl+Deamidated on N
1986,Methyl+Deamidated on Q
1987,Methylamine on S
1988,Methylamine on T
1989,Methylmalonylation on S
1990,methylol on K
1991,methylol on W
1992,methylol on Y
1993,Methyl-PEO12-Maleimide on C
1994,Methylphosphonate on S
1995,Methylphosphonate on T
1996,Methylphosphonate on Y
1997,Methylpyrroline on K
1998,methylsulfonylethyl on C
1999,methylsulfonylethyl on H
2000,methylsulfonylethyl on K
2001,Methylthio on C
2002,Methylthio on D
2003,Methylthio on K
2004,Methylthio on N
2005,Methylthio on X
2006,Met-loss on M
2007,Met-loss+Acetyl on M
2008,MG-H1 on R
2009,Microcin on X
2010,MicrocinC7 on X
2011,MM-diphenylpentanone on C
2012,Molybdopterin on C
2013,MolybdopterinGD on C
2014,MolybdopterinGD on D
2015,MolybdopterinGD on U
2016,MolybdopterinGD+Delta:S(-1)Se(1) on C
2017,Mono_N?-propargyl-L-Gln_desthiobiotin on C
2018,monomethylphosphothione on C
2019,monomethylphosphothione on H
2020,monomethylphosphothione on K
2021,monomethylphosphothione on S
2022,monomethylphosphothione on T
2023,monomethylphosphothione on Y
2024,mTRAQ on H
2025,mTRAQ on K
2026,mTRAQ on S
2027,mTRAQ on T
2028,mTRAQ on X
2029,mTRAQ on Y
2030,mTRAQ:13C(3)15N(1) on H
2031,mTRAQ:13C(3)15N(1) on K
2032,mTRAQ:13C(3)15N(1) on S
2033,mTRAQ:13C(3)15N(1) on T
2034,mTRAQ:13C(3)15N(1) on X
2035,mTRAQ:13C(3)15N(1) on Y
2036,mTRAQ:13C(6)15N(2) on H
2037,mTRAQ:13C(6)15N(2) on K
2038,mTRAQ:13C(6)15N(2) on S
2039,mTRAQ:13C(6)15N(2) on T
2040,mTRAQ:13C(6)15N(2) on X
2041,mTRAQ:13C(6)15N(2) on Y
2042,MTSL on C
2043,MurNAc on A
2044,Myristoleyl on G
2045,Myristoyl on C
2046,Myristoyl on G
2047,Myristoyl on K
2048,Myristoyl+Delta:H(-4) on G
2049,N6pAMP on S
2050,N6pAMP on T
2051,N6pAMP on Y
2052,NA-LNO2 on C
2053,NA-LNO2 on H
2054,NA-OA-NO2 on C
2055,NA-OA-NO2 on H
2056,NBF on C
2057,NBF on K
2058,NBF on R
2059,NBS on W
2060,NBS:13C(6) on W
2061,NDA on K
2062,NDA on X
2063,N-dimethylphosphate on S
2064,NEIAA on C
2065,NEIAA on Y
2066,NEIAA:2H(5) on C
2067,NEIAA:2H(5) on Y
2068,NEM:2H(5) on C
2069,NEM:2H(5)+H2O on C
2070,NEMsulfur on C
2071,NEMsulfurWater on C
2072,Nethylmaleimide on C
2073,Nethylmaleimide+water on C
2074,Nethylmaleimide+water on K
2075,NeuAc on N
2076,NeuAc on S
2077,NeuAc on T
2078,NeuGc on N
2079,NeuGc on S
2080,NeuGc on T
2081,NHS-fluorescein on K
2082,NHS-LC-Biotin on K
2083,NHS-LC-Biotin on X
2084,NIC on K
2085,NIC on X
2086,NIPCAM on C
2087,Nitrene on Y
2088,Nitro on F
2089,Nitro on W
2090,Nitro on Y
2091,Nitrosyl on C
2092,Nitrosyl on Y
2093,Nmethylmaleimide on C
2094,Nmethylmaleimide on K
2095,Nmethylmaleimide+water on C
2096,NO_SMX_SEMD on C
2097,NO_SMX_SIMD on C
2098,NP40 on X
2099,NQIGG on K
2100,NQTGG on K
2101,Octanoyl on C
2102,Octanoyl on S
2103,Octanoyl on T
2104,O-Dimethylphosphate on S
2105,O-Dimethylphosphate on T
2106,O-Dimethylphosphate on Y
2107,O-Et-N-diMePhospho on S
2108,O-Isopropylmethylphosphonate on S
2109,O-Isopropylmethylphosphonate on T
2110,O-Isopropylmethylphosphonate on Y
2111,O-Methylphosphate on S
2112,O-Methylphosphate on T
2113,O-Methylphosphate on Y
2114,O-pinacolylmethylphosphonate on H
2115,O-pinacolylmethylphosphonate on K
2116,O-pinacolylmethylphosphonate on S
2117,O-pinacolylmethylphosphonate on T
2118,O-pinacolylmethylphosphonate on Y
2119,OxArgBiotin on R
2120,OxArgBiotinRed on R
2121,Oxidation on C
2122,Oxidation on D
2123,Oxidation on E
2124,Oxidation on F
2125,Oxidation on G
2126,Oxidation on H
2127,Oxidation on I
2128,Oxidation on K
2129,Oxidation on L
2130,Oxidation on M
2131,Oxidation on N
2132,Oxidation on P
2133,Oxidation on Q
2134,Oxidation on R
2135,Oxidation on S
2136,Oxidation on T
2137,Oxidation on U
2138,Oxidation on V
2139,Oxidation on W
2140,Oxidation on Y
2141,Oxidation+NEM on C
2142,OxLysBiotin on K
2143,OxLysBiotinRed on K
2144,OxProBiotin on P
2145,OxProBiotinRed on P
2146,Palmitoleyl on C
2147,Palmitoleyl on S
2148,Palmitoleyl on T
2149,Palmitoyl on C
2150,Palmitoyl on K
2151,Palmitoyl on S
2152,Palmitoyl on T
2153,Palmitoyl on X
2154,PEITC on C
2155,PEITC on K
2156,PEITC on X
2157,Pent(1)HexNAc(1) on S
2158,Pent(1)HexNAc(1) on T
2159,Pent(2) on S
2160,Pent(2) on T
2161,Pentose on S
2162,Pentose on T
2163,Pentylamine on Q
2164,PEO-Iodoacetyl-LC-Biotin on C
2165,PET on S
2166,PET on T
2167,Phe->Ala on F
2168,Phe->Arg on F
2169,Phe->Asn on F
2170,Phe->Asp on F
2171,Phe->CamCys on F
2172,Phe->Cys on F
2173,Phe->Gln on F
2174,Phe->Glu on F
2175,Phe->Gly on F
2176,Phe->His on F
2177,Phe->Lys on F
2178,Phe->Met on F
2179,Phe->Pro on F
2180,Phe->Ser on F
2181,Phe->Thr on F
2182,Phe->Trp on F
2183,Phe->Tyr on F
2184,Phe->Val on F
2185,Phe->Xle on F
2186,Phenylisocyanate on X
2187,Phenylisocyanate:2H(5) on X
2188,phenyl-phosphate on K
2189,phenyl-phosphate on S
2190,phenyl-phosphate on T
2191,phenyl-phosphate on Y
2192,phenylsulfonylethyl on C
2193,Phospho on C
2194,Phospho on D
2195,Phospho on E
2196,Phospho on H
2197,Phospho on K
2198,Phospho on R
2199,Phospho on S
2200,Phospho on T
2201,Phospho on Y
2202,Phosphoadenosine on H
2203,Phosphoadenosine on K
2204,Phosphoadenosine on S
2205,Phosphoadenosine on T
2206,Phosphoadenosine on Y
2207,PhosphoCytidine on S
2208,PhosphoCytidine on T
2209,PhosphoCytidine on Y
2210,Phosphogluconoylation on K
2211,Phosphogluconoylation on X
2212,Phosphoguanosine on H
2213,Phosphoguanosine on K
2214,PhosphoHex on S
2215,PhosphoHex on T
2216,PhosphoHex(2) on N
2217,PhosphoHex(2) on S
2218,PhosphoHex(2) on T
2219,PhosphoHexNAc on S
2220,PhosphoHexNAc on T
2221,Phosphopantetheine on S
2222,Phosphopropargyl on S
2223,Phosphopropargyl on T
2224,Phosphopropargyl on Y
2225,phosphoRibosyl on D
2226,phosphoRibosyl on E
2227,phosphoRibosyl on R
2228,PhosphoribosyldephosphoCoA on S
2229,PhosphoUridine on H
2230,PhosphoUridine on Y
2231,Phycocyanobilin on C
2232,Phycoerythrobilin on C
2233,Phytochromobilin on C
2234,Piperidine on K
2235,Piperidine on X
2236,pRBS-ID_4-thiouridine on F
2237,pRBS-ID_6-thioguanosine on W
2238,Pro+O(2) on H
2239,Pro->Ala on P
2240,Pro->Arg on P
2241,Pro->Asn on P
2242,Pro->Asp on P
2243,Pro->Cys on P
2244,Pro->Gln on P
2245,Pro->Glu on P
2246,Pro->Gly on P
2247,Pro->HAVA on P
2248,Pro->His on P
2249,Pro->Lys on P
2250,Pro->Met on P
2251,Pro->Phe on P
2252,Pro->pyro-Glu on P
2253,Pro->Pyrrolidinone on P
2254,Pro->Pyrrolidone on P
2255,Pro->Ser on P
2256,Pro->Thr on P
2257,Pro->Trp on P
2258,Pro->Tyr on P
2259,Pro->Val on P
2260,Pro->Xle on P
2261,probiotinhydrazide on P
2262,Propargylamine on D
2263,Propargylamine on E
2264,Propargylamine on X
2265,Propionamide on C
2266,Propionamide on K
2267,Propionamide on X
2268,Propionamide:2H(3) on C
2269,Propionyl on K
2270,Propionyl on S
2271,Propionyl on T
2272,Propionyl on X
2273,Propionyl:13C(3) on K
2274,Propionyl:13C(3) on X
2275,Propiophenone on C
2276,Propiophenone on H
2277,Propiophenone on K
2278,Propiophenone on R
2279,Propiophenone on S
2280,Propiophenone on T
2281,Propiophenone on W
2282,Propyl on D
2283,Propyl on E
2284,Propyl on K
2285,Propyl on X
2286,Propyl:2H(6) on K
2287,Propyl:2H(6) on X
2288,PropylNAGthiazoline on C
2289,PS_Hapten on C
2290,PS_Hapten on H
2291,PS_Hapten on K
2292,pupylation on K
2293,Puromycin on X
2294,PyMIC on X
2295,PyridoxalPhosphate on K
2296,PyridoxalPhosphateH2 on K
2297,Pyridylacetyl on K
2298,Pyridylacetyl on X
2299,Pyridylethyl on C
2300,Pyro-carbamidomethyl on C
2301,pyrophospho on S
2302,pyrophospho on T
2303,Pyro-QQTGG on K
2304,PyruvicAcidIminyl on C
2305,PyruvicAcidIminyl on K
2306,PyruvicAcidIminyl on V
2307,QAT on C
2308,QAT:2H(3) on C
2309,QEQTGG on K
2310,QQQTGG on K
2311,QQTGG on K
2312,QTGG on K
2313,Quinone on W
2314,Quinone on Y
2315,RBS-ID_Uridine on Y
2316,Retinylidene on K
2317,RNPXL on K
2318,RNPXL on R
2319,Saligenin on H
2320,Saligenin on K
2321,Ser/Thr-KDO on S
2322,Ser/Thr-KDO on T
2323,Ser->Ala on S
2324,Ser->Arg on S
2325,Ser->Asn on S
2326,Ser->Asp on S
2327,Ser->Cys on S
2328,Ser->Gln on S
2329,Ser->Glu on S
2330,Ser->Gly on S
2331,Ser->His on S
2332,Ser->LacticAcid on S
2333,Ser->Lys on S
2334,Ser->Met on S
2335,Ser->Phe on S
2336,Ser->Pro on S
2337,Ser->Thr on S
2338,Ser->Trp on S
2339,Ser->Tyr on S
2340,Ser->Val on S
2341,Ser->Xle on S
2342,serotonylation on Q
2343,s-GlcNAc on S
2344,s-GlcNAc on T
2345,shTMT on K
2346,shTMT on X
2347,shTMTpro on K
2348,shTMTpro on X
2349,SMA on K
2350,SMA on X
2351,spermidine on Q
2352,spermine on Q
2353,SPITC on K
2354,SPITC on X
2355,SPITC:13C(6) on K
2356,SPITC:13C(6) on X
2357,Succinyl on K
2358,Succinyl on X
2359,Succinyl:13C(4) on K
2360,Succinyl:13C(4) on X
2361,Succinyl:2H(4) on K
2362,Succinyl:2H(4) on X
2363,SulfanilicAcid on D
2364,SulfanilicAcid on E
2365,SulfanilicAcid on X
2366,SulfanilicAcid:13C(6) on D
2367,SulfanilicAcid:13C(6) on E
2368,SulfanilicAcid:13C(6) on X
2369,Sulfide on C
2370,Sulfide on D
2371,Sulfide on W
2372,Sulfo on C
2373,Sulfo on S
2374,Sulfo on T
2375,Sulfo on Y
2376,sulfo+amino on Y
2377,SulfoGMBS on C
2378,Sulfo-NHS-LC-LC-Biotin on K
2379,Sulfo-NHS-LC-LC-Biotin on X
2380,SulfurDioxide on C
2381,SUMO2135 on K
2382,SUMO3549 on K
2383,TAMRA-FP on S
2384,TAMRA-FP on Y
2385,Thiadiazole on C
2386,Thiazolidine on C
2387,Thiazolidine on F
2388,Thiazolidine on H
2389,Thiazolidine on K
2390,Thiazolidine on R
2391,Thiazolidine on W
2392,Thiazolidine on X
2393,Thiazolidine on Y
2394,thioacylPA on K
2395,Thiophospho on S
2396,Thiophospho on T
2397,Thiophospho on Y
2398,Thiophos-S-S-biotin on S
2399,Thiophos-S-S-biotin on T
2400,Thiophos-S-S-biotin on Y
2401,Thr->Ala on T
2402,Thr->Arg on T
2403,Thr->Asn on T
2404,Thr->Asp on T
2405,Thr->Cys on T
2406,Thr->Gln on T
2407,Thr->Glu on T
2408,Thr->Gly on T
2409,Thr->His on T
2410,Thr->Lys on T
2411,Thr->Met on T
2412,Thr->Phe on T
2413,Thr->Pro on T
2414,Thr->Ser on T
2415,Thr->Trp on T
2416,Thr->Tyr on T
2417,Thr->Val on T
2418,Thr->Xle on T
2419,Thrbiotinhydrazide on T
2420,Thyroxine on Y
2421,TMAB on K
2422,TMAB on X
2423,TMAB:2H(9) on K
2424,TMAB:2H(9) on X
2425,TMPP-Ac on K
2426,TMPP-Ac on X
2427,TMPP-Ac on Y
2428,TMPP-Ac:13C(9) on K
2429,TMPP-Ac:13C(9) on X
2430,TMPP-Ac:13C(9) on Y
2431,TMT on H
2432,TMT on K
2433,TMT on S
2434,TMT on T
2435,TMT on X
2436,TMT2plex on H
2437,TMT2plex on K
2438,TMT2plex on S
2439,TMT2plex on T
2440,TMT2plex on X
2441,TMT6plex on H
2442,TMT6plex on K
2443,TMT6plex on S
2444,TMT6plex on T
2445,TMT6plex on X
2446,TMTpro on H
2447,TMTpro on K
2448,TMTpro on S
2449,TMTpro on T
2450,TMTpro on X
2451,TMTpro_zero on H
2452,TMTpro_zero on K
2453,TMTpro_zero on S
2454,TMTpro_zero on T
2455,TMTpro_zero on X
2456,TNBS on K
2457,TNBS on X
2458,trifluoro on L
2459,Triiodo on Y
2460,Triiodothyronine on Y
2461,Trimethyl on A
2462,Trimethyl on K
2463,Trimethyl on R
2464,Trimethyl:13C(3)2H(9) on K
2465,Trimethyl:13C(3)2H(9) on R
2466,Trimethyl:2H(9) on K
2467,Trimethyl:2H(9) on R
2468,Trioxidation on C
2469,Trioxidation on F
2470,Trioxidation on W
2471,Trioxidation on Y
2472,Tripalmitate on C
2473,Tris on N
2474,Triton on X
2475,Trp->Ala on W
2476,Trp->Arg on W
2477,Trp->Asn on W
2478,Trp->Asp on W
2479,Trp->Cys on W
2480,Trp->Gln on W
2481,Trp->Glu on W
2482,Trp->Gly on W
2483,Trp->His on W
2484,Trp->Hydroxykynurenin on W
2485,Trp->Kynurenin on W
2486,Trp->Lys on W
2487,Trp->Met on W
2488,Trp->Oxolactone on W
2489,Trp->Phe on W
2490,Trp->Pro on W
2491,Trp->Ser on W
2492,Trp->Thr on W
2493,Trp->Tyr on W
2494,Trp->Val on W
2495,Trp->Xle on W
2496,Tween20 on X
2497,Tween80 on X
2498,Tyr->Ala on Y
2499,Tyr->Arg on Y
2500,Tyr->Asn on Y
2501,Tyr->Asp on Y
2502,Tyr->Cys on Y
2503,Tyr->Dha on Y
2504,Tyr->Gln on Y
2505,Tyr->Glu on Y
2506,Tyr->Gly on Y
2507,Tyr->His on Y
2508,Tyr->Lys on Y
2509,Tyr->Met on Y
2510,Tyr->Phe on Y
2511,Tyr->Pro on Y
2512,Tyr->Ser on Y
2513,Tyr->Thr on Y
2514,Tyr->Trp on Y
2515,Tyr->Val on Y
2516,Tyr->Xle on Y
2517,Ub-Br2 on C
2518,Ub-fluorescein on C
2519,Ub-VME on C
2520,UgiJoullie on D
2521,UgiJoullie on E
2522,UgiJoullieProGly on D
2523,UgiJoullieProGly on E
2524,UgiJoullieProGlyProGly on D
2525,UgiJoullieProGlyProGly on E
2526,Unknown:162 on D
2527,Unknown:162 on E
2528,Unknown:162 on X
2529,Unknown:177 on D
2530,Unknown:177 on E
2531,Unknown:177 on X
2532,Unknown:210 on D
2533,Unknown:210 on E
2534,Unknown:210 on X
2535,Unknown:216 on D
2536,Unknown:216 on E
2537,Unknown:216 on X
2538,Unknown:234 on D
2539,Unknown:234 on E
2540,Unknown:234 on X
2541,Unknown:248 on D
2542,Unknown:248 on E
2543,Unknown:248 on X
2544,Unknown:250 on D
2545,Unknown:250 on E
2546,Unknown:250 on X
2547,Unknown:302 on D
2548,Unknown:302 on E
2549,Unknown:302 on X
2550,Unknown:306 on D
2551,Unknown:306 on E
2552,Unknown:306 on X
2553,Unknown:420 on X
2554,Val->Ala on V
2555,Val->Arg on V
2556,Val->Asn on V
2557,Val->Asp on V
2558,Val->Cys on V
2559,Val->Gln on V
2560,Val->Glu on V
2561,Val->Gly on V
2562,Val->His on V
2563,Val->Lys on V
2564,Val->Met on V
2565,Val->Phe on V
2566,Val->Pro on V
2567,Val->Ser on V
2568,Val->Thr on V
2569,Val->Trp on V
2570,Val->Tyr on V
2571,Val->Xle on V
2572,VFQQQTGG on K
2573,VIEVYQEQTGG on K
2574,Withaferin on C
2575,Xle->Ala on I
2576,Xle->Ala on L
2577,Xle->Arg on I
2578,Xle->Arg on L
2579,Xle->Asn on I
2580,Xle->Asn on L
2581,Xle->Asp on I
2582,Xle->Asp on L
2583,Xle->Cys on I
2584,Xle->Cys on L
2585,Xle->Gln on I
2586,Xle->Gln on L
2587,Xle->Glu on I
2588,Xle->Glu on L
2589,Xle->Gly on I
2590,Xle->Gly on L
2591,Xle->His on I
2592,Xle->His on L
2593,Xle->Lys on I
2594,Xle->Lys on L
2595,Xle->Met on I
2596,Xle->Met on L
2597,Xle->Phe on I
2598,Xle->Phe on L
2599,Xle->Pro on I
2600,Xle->Pro on L
2601,Xle->Ser on I
2602,Xle->Ser on L
2603,Xle->Thr on I
2604,Xle->Thr on L
2605,Xle->Trp on I
2606,Xle->Trp on L
2607,Xle->Tyr on I
2608,Xle->Tyr on L
2609,Xle->Val on I
2610,Xle->Val on L
2611,Xlink:B10621 on C
2612,Xlink:BMOE on C
2613,Xlink:BS2G[113] on K
2614,Xlink:BS2G[113] on X
2615,Xlink:BS2G[114] on K
2616,Xlink:BS2G[114] on X
2617,Xlink:BS2G[217] on K
2618,Xlink:BS2G[217] on X
2619,Xlink:BS2G[96] on K
2620,Xlink:BS2G[96] on X
2621,Xlink:BuUrBu[111] on K
2622,Xlink:BuUrBu[111] on X
2623,Xlink:BuUrBu[196] on K
2624,Xlink:BuUrBu[196] on X
2625,Xlink:BuUrBu[213] on K
2626,Xlink:BuUrBu[213] on X
2627,Xlink:BuUrBu[214] on K
2628,Xlink:BuUrBu[214] on X
2629,Xlink:BuUrBu[317] on K
2630,Xlink:BuUrBu[317] on X
2631,Xlink:BuUrBu[85] on K
2632,Xlink:BuUrBu[85] on X
2633,Xlink:DFDNB on K
2634,Xlink:DFDNB on N
2635,Xlink:DFDNB on Q
2636,Xlink:DFDNB on R
2637,Xlink:DMP[122] on K
2638,Xlink:DMP[122] on X
2639,Xlink:DMP[139] on K
2640,Xlink:DMP[139] on X
2641,Xlink:DMP[140] on K
2642,Xlink:DMP[140] on X
2643,Xlink:DMP[154] on K
2644,Xlink:DMP[154] on X
2645,Xlink:DSPP[210] on K
2646,Xlink:DSPP[210] on X
2647,Xlink:DSPP[226] on K
2648,Xlink:DSPP[226] on X
2649,Xlink:DSPP[228] on K
2650,Xlink:DSPP[228] on X
2651,Xlink:DSPP[331] on K
2652,Xlink:DSPP[331] on X
2653,Xlink:DSS[138] on K
2654,Xlink:DSS[138] on X
2655,Xlink:DSS[155] on K
2656,Xlink:DSS[155] on X
2657,Xlink:DSS[156] on K
2658,Xlink:DSS[156] on X
2659,Xlink:DSS[259] on K
2660,Xlink:DSS[259] on X
2661,Xlink:DSSO[104] on K
2662,Xlink:DSSO[104] on X
2663,Xlink:DSSO[158] on K
2664,Xlink:DSSO[158] on X
2665,Xlink:DSSO[175] on K
2666,Xlink:DSSO[175] on X
2667,Xlink:DSSO[176] on K
2668,Xlink:DSSO[176] on X
2669,Xlink:DSSO[279] on K
2670,Xlink:DSSO[279] on X
2671,Xlink:DSSO[54] on K
2672,Xlink:DSSO[54] on X
2673,Xlink:DSSO[86] on K
2674,Xlink:DSSO[86] on X
2675,Xlink:DST[114] on K
2676,Xlink:DST[114] on X
2677,Xlink:DST[132] on K
2678,Xlink:DST[132] on X
2679,Xlink:DST[56] on K
2680,Xlink:DST[56] on X
2681,Xlink:DTBP[172] on K
2682,Xlink:DTBP[172] on X
2683,Xlink:DTBP[87] on K
2684,Xlink:DTBP[87] on X
2685,Xlink:DTSSP[174] on K
2686,Xlink:DTSSP[174] on X
2687,Xlink:DTSSP[192] on K
2688,Xlink:DTSSP[192] on X
2689,Xlink:DTSSP[88] on K
2690,Xlink:DTSSP[88] on X
2691,Xlink:EGS[115] on K
2692,Xlink:EGS[115] on X
2693,Xlink:EGS[226] on K
2694,Xlink:EGS[226] on X
2695,Xlink:EGS[244] on K
2696,Xlink:EGS[244] on X
2697,Xlink:SMCC[219] on C
2698,Xlink:SMCC[219] on K
2699,Xlink:SMCC[219] on X
2700,Xlink:SMCC[237] on C
2701,Xlink:SMCC[237] on K
2702,Xlink:SMCC[237] on X
2703,Xlink:SMCC[321] on C
2704,ZGB on K
2705,ZGB on X
2706,ZQG on K
